time,dangjin_floating,dangjin_warehouse,dangjin,ulsan
2021-02-01 01:00:00,29.179279327392578,-6.202226161956787,22.169069290161133,-0.7166239619255066
2021-02-01 02:00:00,-3.436828851699829,0.3874477744102478,10.519865036010742,-5.156847953796387
2021-02-01 03:00:00,-2.4029645919799805,-0.01270301640033722,14.741974830627441,-5.369706153869629
2021-02-01 04:00:00,2.231175661087036,6.739659309387207,19.657054901123047,-4.449343204498291
2021-02-01 05:00:00,12.055804252624512,8.637975692749023,22.198780059814453,-2.7734673023223877
2021-02-01 06:00:00,18.900218963623047,12.385337829589844,22.092836380004883,-0.03181309998035431
2021-02-01 07:00:00,24.971349716186523,19.107318878173828,23.0806884765625,1.3948616981506348
2021-02-01 08:00:00,27.36219024658203,24.4472713470459,25.64034080505371,4.637258052825928
2021-02-01 09:00:00,16.889524459838867,35.58192825317383,30.860153198242188,17.35142707824707
2021-02-01 10:00:00,1.8675497770309448,38.009132385253906,40.143489837646484,31.733367919921875
2021-02-01 11:00:00,-0.7907602190971375,40.31640625,53.158546447753906,20.563190460205078
2021-02-01 12:00:00,39.273155212402344,34.69940948486328,69.52740478515625,32.475852966308594
2021-02-01 13:00:00,79.2073974609375,31.354568481445312,85.39540100097656,45.23772430419922
2021-02-01 14:00:00,87.05857849121094,20.87858772277832,90.3526611328125,34.43992614746094
2021-02-01 15:00:00,69.00753021240234,15.134760856628418,72.17823791503906,17.306251525878906
2021-02-01 16:00:00,41.0596809387207,7.771677017211914,49.01173782348633,41.54572677612305
2021-02-01 17:00:00,26.52276039123535,5.28348970413208,35.534000396728516,9.34814453125
2021-02-01 18:00:00,18.42589569091797,2.1585946083068848,30.395620346069336,1.9859206676483154
2021-02-01 19:00:00,13.463820457458496,2.060065269470215,28.409303665161133,1.6510124206542969
2021-02-01 20:00:00,11.075697898864746,0.5940148234367371,27.397602081298828,0.7012441754341125
2021-02-01 21:00:00,9.559921264648438,1.0824910402297974,26.925283432006836,0.5105424523353577
2021-02-01 22:00:00,8.835549354553223,0.21609608829021454,26.711912155151367,0.3027649521827698
2021-02-01 23:00:00,8.1864013671875,0.6451384425163269,26.655977249145508,0.12892083823680878
2021-02-01 24:00:00,8.070568084716797,0.16952960193157196,26.602922439575195,-0.001306965947151184
2021-02-02 01:00:00,7.330917835235596,-1.8535293340682983,12.801307678222656,-3.192924976348877
2021-02-02 02:00:00,8.483776092529297,-2.9125735759735107,9.801685333251953,-3.174567461013794
2021-02-02 03:00:00,19.896800994873047,-4.595622539520264,7.17710542678833,-1.502209186553955
2021-02-02 04:00:00,40.656578063964844,-10.095015525817871,8.829251289367676,-2.203348398208618
2021-02-02 05:00:00,47.98189926147461,-10.19151782989502,11.327009201049805,-2.5750629901885986
2021-02-02 06:00:00,36.5550537109375,-4.798126220703125,13.484240531921387,-1.0116134881973267
2021-02-02 07:00:00,0.5760908126831055,11.501049995422363,40.88475036621094,7.254448413848877
2021-02-02 08:00:00,112.6472396850586,-0.5255525708198547,25.573484420776367,77.93524169921875
2021-02-02 09:00:00,293.5713806152344,130.19998168945312,318.5883483886719,162.74020385742188
2021-02-02 10:00:00,376.6023864746094,227.71749877929688,424.07635498046875,241.51461791992188
2021-02-02 11:00:00,442.6508483886719,313.8526916503906,514.7708740234375,302.939208984375
2021-02-02 12:00:00,464.2005310058594,371.6937255859375,554.4476928710938,332.2803955078125
2021-02-02 13:00:00,438.6563720703125,385.6917419433594,534.226806640625,322.45849609375
2021-02-02 14:00:00,352.09783935546875,360.2109375,465.44427490234375,274.09979248046875
2021-02-02 15:00:00,223.60452270507812,292.22998046875,366.55999755859375,201.30838012695312
2021-02-02 16:00:00,18.327390670776367,168.38507080078125,28.159116744995117,122.32145690917969
2021-02-02 17:00:00,12.084282875061035,24.506755828857422,46.29600143432617,16.024581909179688
2021-02-02 18:00:00,17.213333129882812,9.733575820922852,21.4013671875,4.455626010894775
2021-02-02 19:00:00,15.861663818359375,5.125454425811768,8.585782051086426,-1.8554165363311768
2021-02-02 20:00:00,14.852225303649902,0.945326030254364,15.53443431854248,-2.6651740074157715
2021-02-02 21:00:00,13.732444763183594,2.8118786811828613,9.402695655822754,-2.5776774883270264
2021-02-02 22:00:00,13.624659538269043,0.3329262137413025,13.952433586120605,-1.5310101509094238
2021-02-02 23:00:00,13.131446838378906,1.9912046194076538,9.875166893005371,-0.35429710149765015
2021-02-02 24:00:00,13.217052459716797,0.1784905642271042,13.167871475219727,0.9374058842658997
2021-02-03 01:00:00,-1.169317603111267,-3.9079596996307373,12.405617713928223,-4.429962635040283
2021-02-03 02:00:00,7.613529682159424,-3.4878456592559814,11.296551704406738,-3.7510693073272705
2021-02-03 03:00:00,11.27738094329834,-5.1054768562316895,7.040381908416748,-1.4619667530059814
2021-02-03 04:00:00,31.009872436523438,-7.940827369689941,5.260698318481445,-2.2877256870269775
2021-02-03 05:00:00,38.54247283935547,-8.463682174682617,7.215068340301514,-2.601046085357666
2021-02-03 06:00:00,40.684112548828125,-1.20508873462677,7.808218955993652,-1.0651369094848633
2021-02-03 07:00:00,25.076980590820312,16.406404495239258,13.439093589782715,7.463229179382324
2021-02-03 08:00:00,19.833616256713867,21.584749221801758,53.04685974121094,75.51715087890625
2021-02-03 09:00:00,159.68348693847656,114.3335189819336,112.92505645751953,162.86575317382812
2021-02-03 10:00:00,318.62933349609375,212.33609008789062,317.9245910644531,243.4956512451172
2021-02-03 11:00:00,394.17822265625,291.3936462402344,411.9356384277344,306.32562255859375
2021-02-03 12:00:00,453.2393493652344,343.0664978027344,477.3840637207031,335.1208190917969
2021-02-03 13:00:00,446.7667541503906,352.8668212890625,498.09490966796875,322.3061828613281
2021-02-03 14:00:00,375.1021423339844,323.4148254394531,457.4181213378906,269.1444091796875
2021-02-03 15:00:00,261.4200439453125,244.2772979736328,382.38018798828125,193.246826171875
2021-02-03 16:00:00,67.12113952636719,99.3801498413086,232.9760284423828,111.01974487304688
2021-02-03 17:00:00,3.311654567718506,32.362491607666016,74.64698791503906,17.213823318481445
2021-02-03 18:00:00,15.686813354492188,5.766594886779785,25.3839168548584,3.558701276779175
2021-02-03 19:00:00,18.649093627929688,2.716967821121216,5.605199337005615,-1.3543219566345215
2021-02-03 20:00:00,19.3643856048584,-0.07598979771137238,17.877971649169922,-2.187556028366089
2021-02-03 21:00:00,19.467327117919922,0.7305123209953308,6.386357307434082,-1.971829891204834
2021-02-03 22:00:00,19.54313087463379,-0.7239665389060974,15.912639617919922,-0.8878864645957947
2021-02-03 23:00:00,19.52125358581543,0.037055179476737976,7.655602931976318,0.16724257171154022
2021-02-03 24:00:00,19.52296257019043,-0.9001811146736145,14.786842346191406,1.429738163948059
2021-02-04 01:00:00,-0.9162943959236145,0.37696021795272827,13.712760925292969,-4.588409900665283
2021-02-04 02:00:00,2.8799326419830322,-2.2508625984191895,11.97907829284668,-3.7026207447052
2021-02-04 03:00:00,11.375926971435547,-3.928191900253296,6.888503551483154,-2.1890037059783936
2021-02-04 04:00:00,31.442941665649414,-10.993082046508789,6.88954496383667,-2.8178484439849854
2021-02-04 05:00:00,42.12152862548828,-10.368000984191895,8.295283317565918,-3.020810842514038
2021-02-04 06:00:00,46.41035461425781,-4.7519755363464355,7.94822883605957,-1.9240193367004395
2021-02-04 07:00:00,34.41502380371094,11.188130378723145,16.26348114013672,6.127935886383057
2021-02-04 08:00:00,5.510807991027832,2.2215018272399902,70.29191589355469,78.48291015625
2021-02-04 09:00:00,150.40042114257812,127.57833099365234,231.71678161621094,164.042724609375
2021-02-04 10:00:00,327.9538269042969,226.34654235839844,361.7350158691406,244.2078094482422
2021-02-04 11:00:00,407.43072509765625,316.1465148925781,467.9986572265625,305.56341552734375
2021-02-04 12:00:00,467.3926696777344,379.9398498535156,532.03955078125,337.2490234375
2021-02-04 13:00:00,477.6832275390625,401.9298095703125,552.3799438476562,326.86627197265625
2021-02-04 14:00:00,434.92974853515625,380.6952209472656,508.7342834472656,276.45758056640625
2021-02-04 15:00:00,331.37969970703125,318.10101318359375,437.8934631347656,202.3699951171875
2021-02-04 16:00:00,150.6475067138672,202.1423797607422,313.7162780761719,121.92584991455078
2021-02-04 17:00:00,7.702823638916016,25.92879295349121,124.77835845947266,12.894883155822754
2021-02-04 18:00:00,8.806005477905273,12.187544822692871,26.779748916625977,4.9882707595825195
2021-02-04 19:00:00,14.173439025878906,3.454456090927124,10.70142650604248,-1.3522624969482422
2021-02-04 20:00:00,14.84852123260498,-0.44947320222854614,15.094876289367676,-2.371879816055298
2021-02-04 21:00:00,15.323484420776367,0.45526546239852905,9.158197402954102,-2.164543867111206
2021-02-04 22:00:00,14.98104190826416,-1.0479146242141724,14.109896659851074,-1.1697659492492676
2021-02-04 23:00:00,15.205655097961426,-0.03447706997394562,9.386627197265625,0.02497987449169159
2021-02-04 24:00:00,14.929800987243652,-1.1052464246749878,13.470574378967285,1.2955219745635986
2021-02-05 01:00:00,5.638898849487305,-4.66910457611084,19.531034469604492,-1.2704355716705322
2021-02-05 02:00:00,-3.303284168243408,-1.7255979776382446,9.772991180419922,-2.8095242977142334
2021-02-05 03:00:00,1.8266404867172241,-2.1166579723358154,13.76587963104248,0.019522950053215027
2021-02-05 04:00:00,-3.333552598953247,3.1244826316833496,18.95623016357422,-0.29674166440963745
2021-02-05 05:00:00,3.224141836166382,7.9858293533325195,19.889577865600586,-0.692699134349823
2021-02-05 06:00:00,11.40654182434082,12.106067657470703,20.053573608398438,-0.34154194593429565
2021-02-05 07:00:00,12.986486434936523,22.10799217224121,21.68218994140625,4.866793155670166
2021-02-05 08:00:00,7.411503791809082,43.48698425292969,25.361408233642578,8.748228073120117
2021-02-05 09:00:00,7.7889814376831055,80.9607162475586,32.671142578125,76.721923828125
2021-02-05 10:00:00,74.8468017578125,130.21524047851562,44.45155715942383,143.4875030517578
2021-02-05 11:00:00,162.22337341308594,108.37110137939453,59.32624053955078,194.907470703125
2021-02-05 12:00:00,188.44027709960938,38.13580322265625,78.37149047851562,226.6004180908203
2021-02-05 13:00:00,2.8645873069763184,62.182762145996094,92.8457260131836,228.6949920654297
2021-02-05 14:00:00,107.4686508178711,31.722640991210938,84.82960510253906,196.00839233398438
2021-02-05 15:00:00,95.78075408935547,59.22847366333008,57.84959030151367,137.305419921875
2021-02-05 16:00:00,51.26947021484375,20.445323944091797,38.378334045410156,59.944908142089844
2021-02-05 17:00:00,29.557891845703125,6.825098991394043,28.629138946533203,15.59117317199707
2021-02-05 18:00:00,21.40003204345703,0.9931859374046326,25.19339942932129,-1.6944465637207031
2021-02-05 19:00:00,16.86307144165039,0.3691028952598572,23.458322525024414,-2.528747081756592
2021-02-05 20:00:00,15.1192626953125,-1.148767113685608,22.555727005004883,-2.331641674041748
2021-02-05 21:00:00,13.823320388793945,-0.6460501551628113,21.983469009399414,-1.6228976249694824
2021-02-05 22:00:00,13.551716804504395,-1.292487621307373,21.631961822509766,-1.0732197761535645
2021-02-05 23:00:00,13.021088600158691,-0.6175469756126404,21.40859603881836,-0.4721505045890808
2021-02-05 24:00:00,13.070082664489746,-0.8625935912132263,21.2647647857666,-0.047697022557258606
2021-02-06 01:00:00,33.867374420166016,-7.69979190826416,20.65007209777832,-5.213167667388916
2021-02-06 02:00:00,-1.1900296211242676,-0.3121693730354309,8.973691940307617,-4.638376235961914
2021-02-06 03:00:00,4.440382957458496,-1.260440707206726,15.893108367919922,-2.802216053009033
2021-02-06 04:00:00,-1.3264490365982056,5.9037041664123535,23.564512252807617,-3.1312620639801025
2021-02-06 05:00:00,-2.5343470573425293,7.499759674072266,28.40766143798828,-3.507436990737915
2021-02-06 06:00:00,-2.6997625827789307,12.313331604003906,28.96640968322754,-2.1659581661224365
2021-02-06 07:00:00,9.392024993896484,18.950897216796875,30.395389556884766,5.339106559753418
2021-02-06 08:00:00,8.411616325378418,27.86399269104004,33.3368034362793,80.54010772705078
2021-02-06 09:00:00,16.084535598754883,36.44160079956055,36.55815505981445,166.4961700439453
2021-02-06 10:00:00,20.265583038330078,38.56507873535156,41.32333755493164,248.5441131591797
2021-02-06 11:00:00,26.551897048950195,40.46771240234375,48.7634162902832,311.1654968261719
2021-02-06 12:00:00,45.301177978515625,34.98467254638672,51.05328369140625,342.5508728027344
2021-02-06 13:00:00,62.23298645019531,30.131433486938477,45.794410705566406,333.080078125
2021-02-06 14:00:00,67.42318725585938,22.30820083618164,36.83324432373047,285.129150390625
2021-02-06 15:00:00,58.76345443725586,16.66853904724121,27.919803619384766,210.90029907226562
2021-02-06 16:00:00,44.28937911987305,10.680733680725098,23.673921585083008,130.50120544433594
2021-02-06 17:00:00,26.856826782226562,7.139404773712158,21.558460235595703,23.782310485839844
2021-02-06 18:00:00,17.54926872253418,3.8155412673950195,20.693784713745117,4.372284889221191
2021-02-06 19:00:00,10.369416236877441,2.392317771911621,20.729084014892578,-1.3561351299285889
2021-02-06 20:00:00,9.156716346740723,0.6494945883750916,21.094457626342773,-2.716817855834961
2021-02-06 21:00:00,6.047647476196289,-0.012262418866157532,21.52498435974121,-2.6819818019866943
2021-02-06 22:00:00,6.749987602233887,-0.9058311581611633,21.937936782836914,-2.027639389038086
2021-02-06 23:00:00,4.657440662384033,-1.2069789171218872,22.318601608276367,-1.03070068359375
2021-02-06 24:00:00,5.920677661895752,-1.7336612939834595,22.659021377563477,0.17677979171276093
2021-02-07 01:00:00,-2.6680240631103516,2.739752769470215,14.412693977355957,-3.631856679916382
2021-02-07 02:00:00,-3.4357593059539795,3.6983745098114014,12.878894805908203,-3.189018487930298
2021-02-07 03:00:00,-3.356956958770752,3.491579055786133,11.419063568115234,-0.9612912535667419
2021-02-07 04:00:00,7.921069622039795,6.676346778869629,9.926117897033691,-1.7249503135681152
2021-02-07 05:00:00,16.75339126586914,6.534094333648682,8.563639640808105,-1.4575531482696533
2021-02-07 06:00:00,25.156938552856445,4.690001010894775,10.134435653686523,-0.45400184392929077
2021-02-07 07:00:00,28.868762969970703,7.332589626312256,12.36878490447998,7.770197868347168
2021-02-07 08:00:00,20.960058212280273,11.949090957641602,16.11867332458496,51.81930923461914
2021-02-07 09:00:00,-2.449690818786621,41.33327102661133,36.54490661621094,140.5361328125
2021-02-07 10:00:00,61.75249099731445,57.423336029052734,78.84076690673828,222.21121215820312
2021-02-07 11:00:00,175.5620574951172,132.9088592529297,280.08697509765625,288.3793640136719
2021-02-07 12:00:00,287.8257141113281,233.45321655273438,372.2741394042969,330.03662109375
2021-02-07 13:00:00,355.65185546875,292.3868713378906,452.1908264160156,332.04925537109375
2021-02-07 14:00:00,387.4215087890625,321.185302734375,476.9149169921875,290.8003234863281
2021-02-07 15:00:00,332.9187927246094,311.7760314941406,449.2385559082031,218.05589294433594
2021-02-07 16:00:00,100.96995544433594,255.14013671875,381.7464294433594,136.81027221679688
2021-02-07 17:00:00,44.54024887084961,134.21876525878906,251.86289978027344,36.65248489379883
2021-02-07 18:00:00,28.77421760559082,38.74592971801758,85.34735870361328,6.442464351654053
2021-02-07 19:00:00,19.856224060058594,15.373275756835938,26.642230987548828,-0.7913307547569275
2021-02-07 20:00:00,14.651543617248535,2.864513397216797,7.102322101593018,-2.336278200149536
2021-02-07 21:00:00,11.806784629821777,2.132572650909424,17.30607032775879,-2.385305881500244
2021-02-07 22:00:00,10.547666549682617,-0.050835445523262024,9.174077987670898,-1.8899223804473877
2021-02-07 23:00:00,9.224143981933594,0.6387080550193787,15.829642295837402,-0.9489964842796326
2021-02-07 24:00:00,8.973713874816895,-0.6674554944038391,11.274639129638672,0.040408656001091
2021-02-08 01:00:00,5.091365337371826,2.034947395324707,15.980260848999023,-3.4045188426971436
2021-02-08 02:00:00,3.398306369781494,1.0725358724594116,10.861056327819824,-3.3966896533966064
2021-02-08 03:00:00,11.912518501281738,-0.8983743786811829,6.610963344573975,-1.4810905456542969
2021-02-08 04:00:00,33.79402542114258,-7.177080154418945,5.8279547691345215,-2.1520917415618896
2021-02-08 05:00:00,48.04347229003906,-7.804466247558594,5.730525016784668,-2.961275339126587
2021-02-08 06:00:00,49.24592590332031,-4.391692638397217,5.574765682220459,-1.9875218868255615
2021-02-08 07:00:00,27.061840057373047,10.474767684936523,28.32831382751465,7.282754898071289
2021-02-08 08:00:00,35.792606353759766,11.320676803588867,23.328155517578125,63.071598052978516
2021-02-08 09:00:00,208.2551727294922,118.16569519042969,319.3390808105469,151.10885620117188
2021-02-08 10:00:00,353.3121337890625,221.24984741210938,440.0327453613281,234.18844604492188
2021-02-08 11:00:00,426.9317932128906,314.00408935546875,542.7823486328125,300.19415283203125
2021-02-08 12:00:00,474.6580810546875,381.8840637207031,592.7290649414062,335.5065612792969
2021-02-08 13:00:00,481.767822265625,407.5261535644531,589.3178100585938,329.7358093261719
2021-02-08 14:00:00,435.5852355957031,392.907470703125,536.3912353515625,282.3017578125
2021-02-08 15:00:00,331.6844482421875,334.88165283203125,451.7368469238281,208.81475830078125
2021-02-08 16:00:00,139.0757293701172,227.2560577392578,313.51055908203125,128.07699584960938
2021-02-08 17:00:00,-0.8809779286384583,70.37334442138672,119.8936767578125,19.337650299072266
2021-02-08 18:00:00,12.731500625610352,18.26753044128418,24.736469268798828,3.8532607555389404
2021-02-08 19:00:00,15.935174942016602,5.190061569213867,7.752403259277344,-1.9060797691345215
2021-02-08 20:00:00,14.954243659973145,0.2470509260892868,14.87469482421875,-2.893784761428833
2021-02-08 21:00:00,14.478128433227539,0.44727081060409546,7.538863658905029,-2.7422215938568115
2021-02-08 22:00:00,13.885076522827148,-0.7386232018470764,13.711915016174316,-1.8139033317565918
2021-02-08 23:00:00,13.67569637298584,-0.032366350293159485,8.002978324890137,-0.6371654868125916
2021-02-08 24:00:00,13.369283676147461,-0.8385195136070251,12.942367553710938,0.6591458916664124
2021-02-09 01:00:00,0.8480606079101562,0.3975185751914978,14.118433952331543,-4.601799488067627
2021-02-09 02:00:00,5.7320098876953125,0.4454454779624939,14.654122352600098,-4.117442607879639
2021-02-09 03:00:00,3.541086196899414,-1.6356991529464722,9.555747032165527,-1.8749921321868896
2021-02-09 04:00:00,22.883323669433594,-6.8319807052612305,9.533217430114746,-2.5620534420013428
2021-02-09 05:00:00,34.606510162353516,-8.900467872619629,9.72276496887207,-3.091308832168579
2021-02-09 06:00:00,39.130008697509766,-4.30650520324707,7.912093639373779,-1.7672216892242432
2021-02-09 07:00:00,23.944530487060547,7.5761213302612305,19.882568359375,7.803377628326416
2021-02-09 08:00:00,34.66040802001953,-1.0010899305343628,81.1812744140625,63.034297943115234
2021-02-09 09:00:00,197.99095153808594,133.5416717529297,256.8044128417969,151.78677368164062
2021-02-09 10:00:00,353.0396728515625,233.01046752929688,382.7957763671875,237.21231079101562
2021-02-09 11:00:00,429.85626220703125,325.6197204589844,488.73748779296875,305.113525390625
2021-02-09 12:00:00,486.5722961425781,392.9812927246094,548.8529663085938,342.7356872558594
2021-02-09 13:00:00,493.69378662109375,418.196044921875,569.2630615234375,339.6202392578125
2021-02-09 14:00:00,454.94891357421875,402.9159851074219,527.9351806640625,295.1425476074219
2021-02-09 15:00:00,356.04718017578125,346.4375,452.681396484375,221.8938446044922
2021-02-09 16:00:00,224.34226989746094,238.104248046875,325.82171630859375,140.82000732421875
2021-02-09 17:00:00,39.051429748535156,88.99750518798828,127.53106689453125,33.98724365234375
2021-02-09 18:00:00,3.3828485012054443,17.766109466552734,25.07119369506836,5.875848770141602
2021-02-09 19:00:00,12.688873291015625,3.981992483139038,11.235604286193848,-1.5565063953399658
2021-02-09 20:00:00,15.082667350769043,-0.004475072026252747,10.801053047180176,-2.943701982498169
2021-02-09 21:00:00,15.635580062866211,0.6041027903556824,9.13575553894043,-2.562286376953125
2021-02-09 22:00:00,15.909811019897461,-0.8491719365119934,10.38365650177002,-1.8866002559661865
2021-02-09 23:00:00,15.85519790649414,-0.023219183087348938,8.964841842651367,-0.5656175017356873
2021-02-09 24:00:00,15.965888023376465,-0.943901002407074,10.060503959655762,0.5252705216407776
2021-02-10 01:00:00,10.202530860900879,1.8421050310134888,22.181785583496094,-5.454444408416748
2021-02-10 02:00:00,2.1554369926452637,0.8120600581169128,11.180693626403809,-4.856808185577393
2021-02-10 03:00:00,-0.6939120888710022,0.020117923617362976,15.466641426086426,-2.9212470054626465
2021-02-10 04:00:00,-2.1183114051818848,2.765933036804199,19.99802017211914,-3.606860399246216
2021-02-10 05:00:00,5.654601097106934,6.632779121398926,21.21853256225586,-3.9709312915802
2021-02-10 06:00:00,14.08293342590332,9.011322975158691,20.848140716552734,-2.4512288570404053
2021-02-10 07:00:00,13.968086242675781,14.391586303710938,21.52989387512207,6.924474716186523
2021-02-10 08:00:00,9.995659828186035,24.559064865112305,23.986114501953125,64.66639709472656
2021-02-10 09:00:00,0.056050799787044525,46.5549430847168,29.726320266723633,150.86712646484375
2021-02-10 10:00:00,55.823909759521484,82.28176879882812,40.60293960571289,232.92649841308594
2021-02-10 11:00:00,136.52899169921875,138.63067626953125,55.48565673828125,297.8207092285156
2021-02-10 12:00:00,187.102783203125,98.05583953857422,77.1778335571289,335.1622619628906
2021-02-10 13:00:00,36.56208801269531,48.89109802246094,103.57970428466797,333.8940734863281
2021-02-10 14:00:00,91.82632446289062,55.947757720947266,116.03939819335938,291.3145446777344
2021-02-10 15:00:00,102.21012115478516,46.34394454956055,93.16192626953125,217.02288818359375
2021-02-10 16:00:00,60.71314239501953,50.27345275878906,60.112548828125,135.29571533203125
2021-02-10 17:00:00,32.00361251831055,17.331287384033203,39.06100082397461,28.467260360717773
2021-02-10 18:00:00,21.187742233276367,4.664592742919922,30.814462661743164,5.129532337188721
2021-02-10 19:00:00,15.7540283203125,1.3836644887924194,28.06549644470215,-1.3744721412658691
2021-02-10 20:00:00,13.15388298034668,-0.039446666836738586,26.94969940185547,-2.5871694087982178
2021-02-10 21:00:00,11.943580627441406,0.11132137477397919,26.367538452148438,-2.5306308269500732
2021-02-10 22:00:00,11.228875160217285,-0.17639072239398956,26.11311149597168,-1.8760640621185303
2021-02-10 23:00:00,10.96222972869873,0.3237919211387634,26.03236198425293,-0.8249897360801697
2021-02-10 24:00:00,10.668173789978027,0.3593129515647888,25.985767364501953,0.24906329810619354
2021-02-11 01:00:00,-2.9467475414276123,-2.56388521194458,16.671525955200195,-2.1350605487823486
2021-02-11 02:00:00,0.3290160894393921,1.7678672075271606,10.678030967712402,-3.522118330001831
2021-02-11 03:00:00,-3.45746111869812,-0.9199684262275696,12.255133628845215,-1.1587445735931396
2021-02-11 04:00:00,0.6591731905937195,0.7196211218833923,10.220743179321289,-0.523190438747406
2021-02-11 05:00:00,7.936776638031006,1.8717371225357056,10.058215141296387,-0.7474300265312195
2021-02-11 06:00:00,12.297072410583496,3.873776435852051,13.643332481384277,-0.0242740660905838
2021-02-11 07:00:00,10.556379318237305,9.84801959991455,19.417924880981445,6.354409694671631
2021-02-11 08:00:00,-0.312217116355896,29.882204055786133,29.62566375732422,11.23840618133545
2021-02-11 09:00:00,53.88528060913086,79.14578247070312,80.30394744873047,73.80979919433594
2021-02-11 10:00:00,145.4325714111328,38.25150680541992,84.18604278564453,133.43637084960938
2021-02-11 11:00:00,251.92771911621094,184.6524658203125,278.4969787597656,173.45440673828125
2021-02-11 12:00:00,312.4344177246094,242.46177673339844,347.484130859375,192.57485961914062
2021-02-11 13:00:00,339.85382080078125,261.93731689453125,377.8230895996094,195.7153778076172
2021-02-11 14:00:00,282.188232421875,248.96023559570312,357.9044494628906,173.04852294921875
2021-02-11 15:00:00,59.51011657714844,196.52073669433594,283.4941711425781,128.53280639648438
2021-02-11 16:00:00,26.231124877929688,74.10700988769531,103.24726104736328,61.26349639892578
2021-02-11 17:00:00,23.970489501953125,51.49532699584961,31.210546493530273,25.9431095123291
2021-02-11 18:00:00,21.024139404296875,16.114240646362305,20.37701416015625,-0.6607171893119812
2021-02-11 19:00:00,18.59296226501465,5.19750452041626,12.553911209106445,-0.5913159251213074
2021-02-11 20:00:00,16.204782485961914,1.3499501943588257,16.19297981262207,-0.9026290774345398
2021-02-11 21:00:00,15.781579971313477,0.47449201345443726,13.049908638000488,-0.7221207022666931
2021-02-11 22:00:00,14.726888656616211,-0.548029363155365,15.482145309448242,-0.5320679545402527
2021-02-11 23:00:00,14.901408195495605,-0.47886592149734497,13.549712181091309,-0.20162220299243927
2021-02-11 24:00:00,14.27377986907959,-0.8317000269889832,15.285118103027344,0.08270673453807831
2021-02-12 01:00:00,-2.346100330352783,3.8730757236480713,12.141401290893555,-2.6172306537628174
2021-02-12 02:00:00,0.3057839870452881,3.2799532413482666,12.350602149963379,-2.93997859954834
2021-02-12 03:00:00,12.015766143798828,1.6679891347885132,9.99036979675293,-0.44630616903305054
2021-02-12 04:00:00,26.88829803466797,-3.2943766117095947,10.509536743164062,-1.572368860244751
2021-02-12 05:00:00,44.30992126464844,-5.264249801635742,12.358233451843262,-2.318098306655884
2021-02-12 06:00:00,47.95783996582031,-0.5605738759040833,12.09272575378418,-1.662797451019287
2021-02-12 07:00:00,35.85511779785156,15.076035499572754,25.570615768432617,0.9425683617591858
2021-02-12 08:00:00,1.7032054662704468,16.398414611816406,83.73768615722656,10.415456771850586
2021-02-12 09:00:00,140.32080078125,135.6355743408203,272.6864318847656,66.3668212890625
2021-02-12 10:00:00,316.8184814453125,234.35911560058594,386.07073974609375,140.0059356689453
2021-02-12 11:00:00,393.1281433105469,322.1865234375,497.8200378417969,204.31942749023438
2021-02-12 12:00:00,452.1662902832031,383.5956115722656,551.4583740234375,250.08949279785156
2021-02-12 13:00:00,463.2499694824219,403.8782958984375,560.73779296875,273.2198791503906
2021-02-12 14:00:00,422.2764587402344,383.27215576171875,505.55279541015625,260.3506774902344
2021-02-12 15:00:00,325.3676452636719,320.2539978027344,425.3992004394531,210.14157104492188
2021-02-12 16:00:00,174.88002014160156,208.65225219726562,281.8917541503906,144.24119567871094
2021-02-12 17:00:00,19.487030029296875,42.07918167114258,97.33572387695312,62.157020568847656
2021-02-12 18:00:00,7.489956855773926,18.104639053344727,24.247783660888672,19.2541446685791
2021-02-12 19:00:00,14.308258056640625,3.4979212284088135,6.379169940948486,-1.1986310482025146
2021-02-12 20:00:00,14.947117805480957,-0.7275871634483337,16.20956039428711,-1.925734519958496
2021-02-12 21:00:00,15.326964378356934,-0.9095118641853333,7.022064685821533,-2.270686626434326
2021-02-12 22:00:00,14.97054672241211,-2.014233350753784,14.717940330505371,-2.0639050006866455
2021-02-12 23:00:00,15.148628234863281,-1.6524320840835571,7.887876987457275,-1.504119873046875
2021-02-12 24:00:00,14.89191722869873,-2.2778100967407227,13.784170150756836,-0.9399544596672058
2021-02-13 01:00:00,-0.32096970081329346,3.824657917022705,14.843390464782715,-5.057265281677246
2021-02-13 02:00:00,5.663254261016846,2.8188705444335938,13.084675788879395,-4.181726932525635
2021-02-13 03:00:00,14.825607299804688,0.2313203066587448,8.094361305236816,-3.025109052658081
2021-02-13 04:00:00,32.08895492553711,-4.839040756225586,7.747437477111816,-3.4224298000335693
2021-02-13 05:00:00,47.069332122802734,-6.212941646575928,9.110512733459473,-3.202702045440674
2021-02-13 06:00:00,47.8047981262207,-1.2245458364486694,8.840846061706543,-1.5438958406448364
2021-02-13 07:00:00,31.31903076171875,13.551986694335938,26.996232986450195,3.3129401206970215
2021-02-13 08:00:00,23.21101951599121,8.473922729492188,65.72222900390625,90.57333374023438
2021-02-13 09:00:00,188.41357421875,143.50283813476562,292.2317199707031,174.90013122558594
2021-02-13 10:00:00,344.1716613769531,242.30152893066406,404.7344665527344,253.17205810546875
2021-02-13 11:00:00,419.7025146484375,330.21612548828125,511.98907470703125,312.8601989746094
2021-02-13 12:00:00,472.4552307128906,392.6362609863281,560.923095703125,342.1308898925781
2021-02-13 13:00:00,480.6965026855469,412.95843505859375,560.6353759765625,330.9574279785156
2021-02-13 14:00:00,438.2608642578125,393.12591552734375,501.91986083984375,280.30035400390625
2021-02-13 15:00:00,341.9072265625,333.5419616699219,414.59375,203.19094848632812
2021-02-13 16:00:00,208.67759704589844,227.55467224121094,255.4433135986328,119.48845672607422
2021-02-13 17:00:00,31.736583709716797,78.36296844482422,81.1282730102539,11.32481575012207
2021-02-13 18:00:00,4.208165168762207,18.26904296875,23.944915771484375,3.358083724975586
2021-02-13 19:00:00,12.906245231628418,2.7697741985321045,4.9730024337768555,-1.7553255558013916
2021-02-13 20:00:00,14.201155662536621,-1.5107064247131348,17.019269943237305,-2.649280071258545
2021-02-13 21:00:00,15.102608680725098,-1.6919902563095093,5.713546276092529,-2.7688636779785156
2021-02-13 22:00:00,14.975885391235352,-2.631610155105591,15.27486515045166,-2.1070189476013184
2021-02-13 23:00:00,15.341050148010254,-2.3115594387054443,6.667677402496338,-1.1535530090332031
2021-02-13 24:00:00,15.14399242401123,-2.8884329795837402,14.200899124145508,0.08382897078990936
2021-02-14 01:00:00,11.4398832321167,-0.7415197491645813,29.800106048583984,-0.30514615774154663
2021-02-14 02:00:00,-3.3093678951263428,0.7689029574394226,15.19680404663086,-5.340545654296875
2021-02-14 03:00:00,2.0662527084350586,2.1536431312561035,14.772019386291504,-4.912954807281494
2021-02-14 04:00:00,3.958652973175049,7.028247833251953,18.049272537231445,-2.6049530506134033
2021-02-14 05:00:00,-3.196007013320923,13.742119789123535,19.724895477294922,0.40859800577163696
2021-02-14 06:00:00,-2.2613260746002197,22.05133628845215,19.600814819335938,1.7596957683563232
2021-02-14 07:00:00,-2.8697474002838135,32.018123626708984,21.66884994506836,6.589395999908447
2021-02-14 08:00:00,6.02169132232666,51.768104553222656,26.87369155883789,10.753450393676758
2021-02-14 09:00:00,39.761783599853516,85.42872619628906,37.23938751220703,14.237021446228027
2021-02-14 10:00:00,110.96687316894531,130.85073852539062,52.89274597167969,20.460500717163086
2021-02-14 11:00:00,186.32408142089844,81.56153106689453,79.07462310791016,26.625646591186523
2021-02-14 12:00:00,192.39077758789062,100.55388641357422,132.6751251220703,28.520097732543945
2021-02-14 13:00:00,11.911773681640625,142.1565399169922,157.95999145507812,20.994823455810547
2021-02-14 14:00:00,80.2109146118164,119.32678985595703,147.28451538085938,13.602811813354492
2021-02-14 15:00:00,69.14681243896484,17.697921752929688,100.1488265991211,6.344611644744873
2021-02-14 16:00:00,39.73392105102539,49.740135192871094,52.968788146972656,2.3786418437957764
2021-02-14 17:00:00,25.89764404296875,18.523927688598633,32.600852966308594,0.038782164454460144
2021-02-14 18:00:00,20.29071617126465,6.531190395355225,25.979616165161133,-1.123361587524414
2021-02-14 19:00:00,17.03355598449707,2.721653461456299,23.664928436279297,-1.4790024757385254
2021-02-14 20:00:00,16.058650970458984,1.3403531312942505,22.658016204833984,-1.3115754127502441
2021-02-14 21:00:00,15.130666732788086,0.7262522578239441,22.258846282958984,-0.8463594317436218
2021-02-14 22:00:00,14.999610900878906,0.48013609647750854,22.065637588500977,-0.17946048080921173
2021-02-14 23:00:00,14.597068786621094,0.4323582053184509,22.02172088623047,0.6470595002174377
2021-02-14 24:00:00,14.759806632995605,0.4895452857017517,22.04438591003418,1.5454543828964233
2021-02-15 01:00:00,-0.27516067028045654,-0.357607901096344,17.11104393005371,-3.831511974334717
2021-02-15 02:00:00,-1.1737366914749146,-3.140946388244629,11.645953178405762,-3.8607747554779053
2021-02-15 03:00:00,-3.3181698322296143,-3.886793375015259,12.855172157287598,-1.4959046840667725
2021-02-15 04:00:00,4.203467845916748,-4.2626543045043945,10.571316719055176,-1.701049566268921
2021-02-15 05:00:00,13.429045677185059,-2.689567804336548,10.756731986999512,-2.7345974445343018
2021-02-15 06:00:00,18.689306259155273,-2.0005548000335693,13.24316120147705,-1.5049006938934326
2021-02-15 07:00:00,17.731184005737305,5.535377025604248,17.48187255859375,4.6265549659729
2021-02-15 08:00:00,0.7457170486450195,20.462604522705078,26.891576766967773,18.91290283203125
2021-02-15 09:00:00,42.246849060058594,59.4826774597168,90.42520141601562,106.68633270263672
2021-02-15 10:00:00,138.99032592773438,71.71385955810547,183.34054565429688,184.6667938232422
2021-02-15 11:00:00,257.24102783203125,196.9005889892578,305.23016357421875,251.61346435546875
2021-02-15 12:00:00,328.8595275878906,263.36419677734375,378.2906494140625,299.6127624511719
2021-02-15 13:00:00,368.8727722167969,296.37188720703125,418.22442626953125,314.2575988769531
2021-02-15 14:00:00,324.3009033203125,290.24151611328125,410.4765930175781,283.3102111816406
2021-02-15 15:00:00,138.4986572265625,245.89968872070312,355.0621643066406,221.80992126464844
2021-02-15 16:00:00,37.1475944519043,141.0035858154297,241.04786682128906,148.81724548339844
2021-02-15 17:00:00,29.87752914428711,49.55309295654297,98.15302276611328,61.21024703979492
2021-02-15 18:00:00,23.908166885375977,16.63418197631836,29.65705680847168,16.72849464416504
2021-02-15 19:00:00,18.28948211669922,4.666591644287109,12.888873100280762,-0.387844979763031
2021-02-15 20:00:00,15.915042877197266,0.6899260878562927,20.658491134643555,-2.1897261142730713
2021-02-15 21:00:00,14.318913459777832,1.0259279012680054,12.453397750854492,-2.5558648109436035
2021-02-15 22:00:00,13.620110511779785,-0.4595957398414612,18.197532653808594,-2.1640243530273438
2021-02-15 23:00:00,13.111780166625977,0.07553927600383759,13.181697845458984,-1.4281349182128906
2021-02-15 24:00:00,12.85947036743164,-0.92782062292099,17.188098907470703,-0.5727476477622986
2021-02-16 01:00:00,4.378972053527832,1.733040452003479,26.250385284423828,-3.862738847732544
2021-02-16 02:00:00,1.648146629333496,0.07776515185832977,15.992447853088379,-2.849123001098633
2021-02-16 03:00:00,5.708949565887451,0.9736916422843933,15.14646053314209,-0.7239264845848083
2021-02-16 04:00:00,11.827323913574219,4.812689781188965,12.19210147857666,-1.7065868377685547
2021-02-16 05:00:00,24.405033111572266,5.357366561889648,11.065179824829102,-1.8031548261642456
2021-02-16 06:00:00,31.73470687866211,6.8052215576171875,13.005431175231934,-0.07224197685718536
2021-02-16 07:00:00,31.524181365966797,13.514404296875,17.048036575317383,6.598215103149414
2021-02-16 08:00:00,16.431337356567383,27.356517791748047,22.675708770751953,87.03382110595703
2021-02-16 09:00:00,16.085350036621094,63.177059173583984,38.256866455078125,170.7798309326172
2021-02-16 10:00:00,110.67684173583984,37.32294845581055,118.38115692138672,245.75042724609375
2021-02-16 11:00:00,241.57566833496094,189.85211181640625,223.6870880126953,302.25921630859375
2021-02-16 12:00:00,318.184814453125,259.8522644042969,304.7537536621094,325.7829284667969
2021-02-16 13:00:00,375.842529296875,294.9563903808594,369.81256103515625,306.6866149902344
2021-02-16 14:00:00,373.37664794921875,288.9117736816406,377.3130798339844,246.20945739746094
2021-02-16 15:00:00,299.58123779296875,239.66195678710938,346.1340637207031,168.1029510498047
2021-02-16 16:00:00,103.88948059082031,133.2286834716797,238.18504333496094,82.61016845703125
2021-02-16 17:00:00,24.319923400878906,42.61172103881836,105.5128402709961,18.023252487182617
2021-02-16 18:00:00,22.83751678466797,12.807746887207031,27.197956085205078,1.9735314846038818
2021-02-16 19:00:00,18.20478630065918,1.360861897468567,13.372355461120605,-2.027188539505005
2021-02-16 20:00:00,13.018498420715332,-1.3382378816604614,17.238615036010742,-2.468553066253662
2021-02-16 21:00:00,10.816905975341797,-2.245814561843872,12.86013126373291,-2.306307554244995
2021-02-16 22:00:00,9.493950843811035,-2.7248289585113525,16.440641403198242,-1.21323561668396
2021-02-16 23:00:00,8.923775672912598,-2.9527552127838135,14.183476448059082,-0.5038992762565613
2021-02-16 24:00:00,8.411605834960938,-3.0443499088287354,16.538888931274414,0.7933396697044373
2021-02-17 01:00:00,4.129599094390869,2.4743659496307373,18.233318328857422,-3.982090711593628
2021-02-17 02:00:00,9.55521011352539,-0.6880822777748108,11.500361442565918,-3.587451219558716
2021-02-17 03:00:00,12.73564624786377,-1.7594677209854126,9.932169914245605,-1.27693510055542
2021-02-17 04:00:00,20.50843048095703,-2.5079643726348877,7.454883575439453,-1.7803360223770142
2021-02-17 05:00:00,30.584232330322266,-2.486638307571411,8.915769577026367,-2.1480627059936523
2021-02-17 06:00:00,34.33242416381836,-1.666725754737854,11.386545181274414,-0.4180247187614441
2021-02-17 07:00:00,23.591800689697266,8.013008117675781,15.490621566772461,7.784749984741211
2021-02-17 08:00:00,0.7469260692596436,31.683990478515625,40.53220748901367,76.55782318115234
2021-02-17 09:00:00,96.70894622802734,22.479297637939453,39.05986022949219,160.29800415039062
2021-02-17 10:00:00,254.82476806640625,136.87855529785156,287.5601501464844,236.49330139160156
2021-02-17 11:00:00,337.7367858886719,230.52203369140625,369.68359375,295.7791442871094
2021-02-17 12:00:00,400.71337890625,298.42022705078125,441.500732421875,327.5039367675781
2021-02-17 13:00:00,408.249755859375,331.1379699707031,465.17095947265625,318.1449890136719
2021-02-17 14:00:00,351.5153503417969,325.6366271972656,434.5942687988281,266.56439208984375
2021-02-17 15:00:00,235.44985961914062,275.96295166015625,364.62548828125,192.68531799316406
2021-02-17 16:00:00,11.379551887512207,174.32020568847656,226.47325134277344,114.50066375732422
2021-02-17 17:00:00,20.349464416503906,23.26871109008789,79.59368133544922,14.913904190063477
2021-02-17 18:00:00,24.08661460876465,18.403472900390625,27.6492862701416,2.1488053798675537
2021-02-17 19:00:00,22.42434310913086,5.253161907196045,8.873209953308105,-2.339872121810913
2021-02-17 20:00:00,20.63990020751953,1.512097954750061,20.753950119018555,-2.9740207195281982
2021-02-17 21:00:00,19.729415893554688,1.513346552848816,10.329679489135742,-3.00010085105896
2021-02-17 22:00:00,19.005300521850586,0.14485947787761688,19.120149612426758,-1.9341156482696533
2021-02-17 23:00:00,18.854337692260742,0.553379476070404,11.691134452819824,-1.1091630458831787
2021-02-17 24:00:00,18.5757999420166,-0.3044469952583313,18.033966064453125,0.2490876168012619
2021-02-18 01:00:00,4.926948070526123,0.2896656394004822,12.146524429321289,-4.796366214752197
2021-02-18 02:00:00,4.864445686340332,-0.6905606389045715,9.813570976257324,-4.179535388946533
2021-02-18 03:00:00,16.140865325927734,-2.616750478744507,6.613494396209717,-1.9180145263671875
2021-02-18 04:00:00,38.28729248046875,-5.659244537353516,7.384673595428467,-2.4752919673919678
2021-02-18 05:00:00,49.68600082397461,-7.563965797424316,9.669390678405762,-2.840447425842285
2021-02-18 06:00:00,46.35391616821289,-3.209564447402954,9.23018741607666,-1.4502902030944824
2021-02-18 07:00:00,24.910053253173828,11.134651184082031,23.832948684692383,7.037205219268799
2021-02-18 08:00:00,36.671478271484375,25.574071884155273,81.88387298583984,75.34627532958984
2021-02-18 09:00:00,201.05264282226562,103.9562759399414,274.5359802246094,161.71902465820312
2021-02-18 10:00:00,348.1910400390625,207.07174682617188,382.3116760253906,243.1214599609375
2021-02-18 11:00:00,420.0588684082031,296.8959655761719,488.29364013671875,307.8085632324219
2021-02-18 12:00:00,468.0284729003906,363.5965576171875,541.3242797851562,341.9477233886719
2021-02-18 13:00:00,474.61810302734375,390.6025390625,545.0340576171875,335.8672180175781
2021-02-18 14:00:00,429.3155212402344,376.6991882324219,483.98699951171875,289.94598388671875
2021-02-18 15:00:00,321.9990539550781,319.79400634765625,399.7968444824219,216.4923858642578
2021-02-18 16:00:00,121.77218627929688,213.71652221679688,245.38954162597656,136.2262725830078
2021-02-18 17:00:00,0.4715821146965027,46.274131774902344,83.12617492675781,28.75111198425293
2021-02-18 18:00:00,13.464117050170898,19.595537185668945,24.571996688842773,7.935579776763916
2021-02-18 19:00:00,15.0996675491333,5.465900421142578,6.406557083129883,-1.120969295501709
2021-02-18 20:00:00,12.777350425720215,0.9350432753562927,17.268930435180664,-2.360006093978882
2021-02-18 21:00:00,12.093023300170898,1.0368319749832153,7.4356279373168945,-1.980520248413086
2021-02-18 22:00:00,10.868520736694336,-0.2302907258272171,15.68842601776123,-1.135730266571045
2021-02-18 23:00:00,10.894827842712402,0.2893349528312683,8.382824897766113,0.34438830614089966
2021-02-18 24:00:00,10.298445701599121,-0.5457014441490173,14.722862243652344,1.470245361328125
2021-02-19 01:00:00,11.29920482635498,1.5008753538131714,16.06794548034668,-5.021831512451172
2021-02-19 02:00:00,9.532759666442871,0.39215439558029175,14.839590072631836,-3.8405346870422363
2021-02-19 03:00:00,-1.6859570741653442,-1.925348162651062,8.401013374328613,-2.209270715713501
2021-02-19 04:00:00,-0.3572492003440857,-5.75383186340332,6.359631538391113,-3.0723257064819336
2021-02-19 05:00:00,11.163243293762207,-6.204263687133789,7.975156307220459,-3.389233350753784
2021-02-19 06:00:00,9.859908103942871,0.1586720198392868,6.978899955749512,-0.652136504650116
2021-02-19 07:00:00,0.5069518089294434,13.117688179016113,11.333724021911621,4.526136875152588
2021-02-19 08:00:00,45.677677154541016,11.8550386428833,40.16212844848633,96.96255493164062
2021-02-19 09:00:00,182.80404663085938,139.30142211914062,40.14866256713867,183.98455810546875
2021-02-19 10:00:00,332.2845153808594,239.71078491210938,314.29638671875,264.2970886230469
2021-02-19 11:00:00,406.25604248046875,325.6839294433594,418.0980224609375,323.9468078613281
2021-02-19 12:00:00,475.0340576171875,383.7095642089844,499.46014404296875,349.6050720214844
2021-02-19 13:00:00,492.91143798828125,400.94732666015625,540.0753173828125,333.9176940917969
2021-02-19 14:00:00,453.04736328125,382.89990234375,521.6580200195312,278.57080078125
2021-02-19 15:00:00,349.19317626953125,325.9181213378906,461.8544616699219,201.33474731445312
2021-02-19 16:00:00,226.69017028808594,218.06979370117188,361.20867919921875,117.53285217285156
2021-02-19 17:00:00,46.69188690185547,53.17363357543945,46.78015899658203,11.873017311096191
2021-02-19 18:00:00,0.4303193688392639,17.591766357421875,43.268028259277344,4.214501857757568
2021-02-19 19:00:00,12.02338981628418,2.9102823734283447,20.009685516357422,-1.669844150543213
2021-02-19 20:00:00,16.201435089111328,-1.072606086730957,5.2150397300720215,-2.7675421237945557
2021-02-19 21:00:00,17.672887802124023,-0.6892568469047546,15.280804634094238,-2.655534267425537
2021-02-19 22:00:00,18.437162399291992,-1.737362265586853,7.23617696762085,-1.7670211791992188
2021-02-19 23:00:00,18.604312896728516,-1.116131067276001,13.9335298538208,-0.7680703997612
2021-02-19 24:00:00,18.764101028442383,-1.778943419456482,8.450299263000488,0.44627004861831665
2021-02-20 01:00:00,-1.7233695983886719,5.50969123840332,14.403209686279297,-4.980557918548584
2021-02-20 02:00:00,15.829730987548828,5.081722259521484,13.006301879882812,-4.407957553863525
2021-02-20 03:00:00,6.128999710083008,2.280104398727417,9.392308235168457,-1.155681848526001
2021-02-20 04:00:00,17.529916763305664,-2.000197649002075,10.338688850402832,-2.009216785430908
2021-02-20 05:00:00,26.65398597717285,-6.175013542175293,11.98640251159668,-2.2985243797302246
2021-02-20 06:00:00,35.26460647583008,-1.2803536653518677,12.501927375793457,-0.8231574892997742
2021-02-20 07:00:00,27.98866844177246,8.279563903808594,31.106706619262695,7.491905689239502
2021-02-20 08:00:00,3.872856855392456,10.128868103027344,73.97267150878906,58.35179138183594
2021-02-20 09:00:00,129.7380828857422,131.829345703125,285.7817687988281,143.05319213867188
2021-02-20 10:00:00,308.57061767578125,235.6854705810547,395.179931640625,223.93966674804688
2021-02-20 11:00:00,394.00177001953125,332.0854187011719,491.38555908203125,287.43548583984375
2021-02-20 12:00:00,465.9435119628906,403.3116149902344,539.489013671875,325.9234924316406
2021-02-20 13:00:00,496.5293884277344,433.3173828125,542.9852905273438,320.5600280761719
2021-02-20 14:00:00,475.1018981933594,421.8501281738281,491.1609191894531,272.91680908203125
2021-02-20 15:00:00,395.7466125488281,377.697265625,404.7887878417969,203.80276489257812
2021-02-20 16:00:00,272.2130126953125,289.38555908203125,255.98263549804688,129.31015014648438
2021-02-20 17:00:00,79.03458404541016,162.0233612060547,87.62739562988281,24.197750091552734
2021-02-20 18:00:00,-1.9304454326629639,11.564309120178223,25.902883529663086,5.495986461639404
2021-02-20 19:00:00,14.025002479553223,6.942172527313232,6.3784990310668945,-1.2325904369354248
2021-02-20 20:00:00,19.150259017944336,0.046823784708976746,17.642555236816406,-2.589839458465576
2021-02-20 21:00:00,20.965187072753906,-1.0010027885437012,7.308753490447998,-2.6881701946258545
2021-02-20 22:00:00,21.60036277770996,-1.5277525186538696,15.524518013000488,-2.0750930309295654
2021-02-20 23:00:00,21.81817626953125,-1.4766442775726318,8.4218168258667,-1.292823076248169
2021-02-20 24:00:00,21.961153030395508,-1.6229830980300903,14.250106811523438,-0.33131664991378784
2021-02-21 01:00:00,14.398082733154297,4.73891544342041,12.399550437927246,-6.019341945648193
2021-02-21 02:00:00,11.053442001342773,5.632614612579346,15.24422550201416,-4.83221960067749
2021-02-21 03:00:00,1.3760429620742798,2.6456761360168457,9.352558135986328,-1.9518566131591797
2021-02-21 04:00:00,-2.27707839012146,-1.2507246732711792,10.433500289916992,-1.6181424856185913
2021-02-21 05:00:00,-1.067596197128296,-4.47671365737915,11.72143268585205,-1.0411827564239502
2021-02-21 06:00:00,0.09028822183609009,2.6747593879699707,11.35806655883789,1.329120397567749
2021-02-21 07:00:00,6.08211612701416,15.391282081604004,25.10759925842285,3.4205448627471924
2021-02-21 08:00:00,63.77349090576172,18.450721740722656,87.6698226928711,96.25056457519531
2021-02-21 09:00:00,199.3979034423828,167.82093811035156,255.5060272216797,178.76898193359375
2021-02-21 10:00:00,332.78375244140625,271.6733093261719,375.6023864746094,254.31814575195312
2021-02-21 11:00:00,403.3433837890625,362.1302185058594,475.3265686035156,313.1711120605469
2021-02-21 12:00:00,471.0340576171875,420.2967529296875,529.0819702148438,340.79217529296875
2021-02-21 13:00:00,495.8781433105469,436.4310607910156,543.7111206054688,324.86138916015625
2021-02-21 14:00:00,465.4164733886719,419.053955078125,503.92120361328125,275.55645751953125
2021-02-21 15:00:00,369.9018859863281,371.20263671875,429.2181396484375,203.54554748535156
2021-02-21 16:00:00,249.4595947265625,277.9185485839844,303.47979736328125,125.71450805664062
2021-02-21 17:00:00,61.8039665222168,144.96214294433594,121.62226867675781,18.044626235961914
2021-02-21 18:00:00,-1.8005887269973755,19.493440628051758,25.482053756713867,6.222958087921143
2021-02-21 19:00:00,12.028210639953613,8.103998184204102,10.197630882263184,-0.8588380217552185
2021-02-21 20:00:00,17.537336349487305,0.3477751612663269,14.761504173278809,-2.493326425552368
2021-02-21 21:00:00,19.68878746032715,-0.9097688794136047,9.036656379699707,-2.6256723403930664
2021-02-21 22:00:00,20.575695037841797,-1.558631420135498,13.69749927520752,-2.1249988079071045
2021-02-21 23:00:00,20.98110008239746,-1.5106419324874878,9.408546447753906,-1.2878203392028809
2021-02-21 24:00:00,21.244173049926758,-1.6852118968963623,12.976079940795898,-0.13143177330493927
2021-02-22 01:00:00,-1.0795891284942627,7.527681350708008,20.92740821838379,-5.3393425941467285
2021-02-22 02:00:00,0.7969611883163452,2.4419636726379395,15.219202995300293,-4.906562328338623
2021-02-22 03:00:00,4.972807884216309,1.430832028388977,14.865459442138672,-2.4986135959625244
2021-02-22 04:00:00,10.076998710632324,3.7248685359954834,12.62106704711914,-2.803515911102295
2021-02-22 05:00:00,27.419355392456055,7.381598472595215,11.88865852355957,-3.020111322402954
2021-02-22 06:00:00,36.56571960449219,9.06457805633545,13.273015975952148,-1.8416125774383545
2021-02-22 07:00:00,35.96949768066406,12.027725219726562,13.772204399108887,5.585104465484619
2021-02-22 08:00:00,24.558704376220703,13.205166816711426,16.655059814453125,78.90605163574219
2021-02-22 09:00:00,-2.221184253692627,20.329282760620117,31.340011596679688,163.3165740966797
2021-02-22 10:00:00,77.32396697998047,47.78376388549805,102.73192596435547,241.54086303710938
2021-02-22 11:00:00,223.6121368408203,76.77664947509766,261.7917175292969,300.80792236328125
2021-02-22 12:00:00,321.0154113769531,111.13858795166016,342.9698486328125,335.0252685546875
2021-02-22 13:00:00,392.31402587890625,218.538330078125,431.14031982421875,328.80535888671875
2021-02-22 14:00:00,423.0730285644531,279.5980224609375,466.15423583984375,282.0230407714844
2021-02-22 15:00:00,384.5820007324219,310.421630859375,449.5848083496094,210.56004333496094
2021-02-22 16:00:00,275.4414367675781,295.6414489746094,383.96942138671875,135.2880096435547
2021-02-22 17:00:00,23.501110076904297,236.5567169189453,268.7161560058594,36.30870819091797
2021-02-22 18:00:00,24.284914016723633,119.68241882324219,107.92426300048828,6.61406946182251
2021-02-22 19:00:00,23.865495681762695,38.82701873779297,27.071006774902344,-1.0056328773498535
2021-02-22 20:00:00,22.625656127929688,12.879049301147461,11.169483184814453,-1.9761526584625244
2021-02-22 21:00:00,21.204618453979492,2.8832874298095703,18.051002502441406,-2.284771680831909
2021-02-22 22:00:00,20.028549194335938,0.17935125529766083,11.21162223815918,-1.780998945236206
2021-02-22 23:00:00,19.14908218383789,-0.8170724511146545,16.60100746154785,-1.038353443145752
2021-02-22 24:00:00,18.735591888427734,-1.3552539348602295,12.547740936279297,0.12200288474559784
2021-02-23 01:00:00,0.9558410048484802,0.8172528147697449,15.507555961608887,-4.3570027351379395
2021-02-23 02:00:00,11.879602432250977,0.6975800395011902,12.683225631713867,-3.6916260719299316
2021-02-23 03:00:00,7.976068019866943,-1.0449925661087036,9.406502723693848,-1.8232917785644531
2021-02-23 04:00:00,26.466402053833008,-3.4148056507110596,8.887821197509766,-2.5127861499786377
2021-02-23 05:00:00,39.48781967163086,-6.457568168640137,9.610457420349121,-2.519483804702759
2021-02-23 06:00:00,42.45975875854492,-2.409438133239746,7.735604763031006,-0.8169025778770447
2021-02-23 07:00:00,22.834339141845703,9.046896934509277,17.59722328186035,7.536052703857422
2021-02-23 08:00:00,51.980892181396484,20.233625411987305,76.9955062866211,69.86152648925781
2021-02-23 09:00:00,229.8504180908203,107.03465270996094,259.94610595703125,150.50474548339844
2021-02-23 10:00:00,367.9801330566406,212.59695434570312,389.11505126953125,226.2674102783203
2021-02-23 11:00:00,441.7406005859375,303.4978942871094,500.5258483886719,285.9711608886719
2021-02-23 12:00:00,486.60406494140625,373.40045166015625,564.812255859375,317.9600524902344
2021-02-23 13:00:00,491.054931640625,405.73785400390625,580.0895385742188,311.2117004394531
2021-02-23 14:00:00,452.10833740234375,398.6974182128906,536.7391357421875,263.7630310058594
2021-02-23 15:00:00,353.5513000488281,354.2011413574219,463.2390441894531,192.83535766601562
2021-02-23 16:00:00,214.68223571777344,261.7541809082031,345.765380859375,118.19375610351562
2021-02-23 17:00:00,30.132450103759766,123.17507934570312,110.38612365722656,13.751457214355469
2021-02-23 18:00:00,6.856255531311035,22.48682403564453,27.947568893432617,1.3303978443145752
2021-02-23 19:00:00,15.262770652770996,5.667219161987305,15.915094375610352,-2.702770233154297
2021-02-23 20:00:00,16.338621139526367,0.1523997038602829,8.982330322265625,-3.047403573989868
2021-02-23 21:00:00,16.89032554626465,-0.09501095116138458,13.097413063049316,-2.9539971351623535
2021-02-23 22:00:00,16.535202026367188,-1.1832472085952759,10.13167667388916,-2.143582820892334
2021-02-23 23:00:00,16.79934310913086,-0.8477197289466858,12.227036476135254,-1.4430978298187256
2021-02-23 24:00:00,16.473255157470703,-1.4514572620391846,10.50387191772461,-0.252102792263031
2021-02-24 01:00:00,4.218423843383789,4.493252277374268,15.092065811157227,-2.66292405128479
2021-02-24 02:00:00,6.742370128631592,2.7782349586486816,11.031094551086426,-4.015827655792236
2021-02-24 03:00:00,18.847219467163086,0.4636203646659851,8.13603401184082,-0.972991406917572
2021-02-24 04:00:00,40.39247512817383,-0.15750010311603546,6.313541889190674,-0.019036725163459778
2021-02-24 05:00:00,49.71388244628906,-2.592703342437744,7.962179660797119,0.8639460206031799
2021-02-24 06:00:00,49.36933517456055,3.285507917404175,10.150323867797852,1.2066082954406738
2021-02-24 07:00:00,26.06020736694336,16.424152374267578,16.573570251464844,10.111379623413086
2021-02-24 08:00:00,37.314117431640625,31.63477325439453,60.67601776123047,27.390304565429688
2021-02-24 09:00:00,209.9511260986328,120.44035339355469,138.3959197998047,106.86683654785156
2021-02-24 10:00:00,342.9284362792969,223.3546600341797,316.1611328125,162.6737518310547
2021-02-24 11:00:00,418.356201171875,308.2699890136719,408.52960205078125,200.33444213867188
2021-02-24 12:00:00,459.2936706542969,366.16204833984375,469.8745422363281,220.3313751220703
2021-02-24 13:00:00,445.2693786621094,385.4365539550781,483.4629211425781,219.41697692871094
2021-02-24 14:00:00,375.4016418457031,367.2665710449219,437.11566162109375,188.37548828125
2021-02-24 15:00:00,268.34075927734375,308.91229248046875,359.68280029296875,136.71847534179688
2021-02-24 16:00:00,83.35670471191406,205.94271850585938,118.74176788330078,66.70146179199219
2021-02-24 17:00:00,-1.553841471672058,34.981781005859375,54.298648834228516,27.743680953979492
2021-02-24 18:00:00,12.692251205444336,18.909700393676758,23.09258460998535,-1.2052090167999268
2021-02-24 19:00:00,16.123247146606445,3.3143584728240967,7.3449225425720215,-1.2949650287628174
2021-02-24 20:00:00,17.052087783813477,0.13982455432415009,17.219654083251953,-1.2834396362304688
2021-02-24 21:00:00,17.2186279296875,-0.5238201022148132,8.734800338745117,-0.9743029475212097
2021-02-24 22:00:00,17.365949630737305,-1.2380764484405518,15.487133979797363,-0.6436232924461365
2021-02-24 23:00:00,17.359073638916016,-1.2074487209320068,9.7048978805542,-0.19576163589954376
2021-02-24 24:00:00,17.422637939453125,-1.5206071138381958,14.671868324279785,0.2958245873451233
2021-02-25 01:00:00,1.3076014518737793,0.2862817645072937,23.01645851135254,-2.2164132595062256
2021-02-25 02:00:00,-0.7097920775413513,1.1666618585586548,14.002209663391113,-3.9069974422454834
2021-02-25 03:00:00,-3.4471967220306396,0.678658664226532,14.366744041442871,-2.2136666774749756
2021-02-25 04:00:00,-1.9313762187957764,4.262943267822266,16.47454261779785,-3.005760908126831
2021-02-25 05:00:00,9.004592895507812,8.467902183532715,16.3424072265625,-0.6224355101585388
2021-02-25 06:00:00,16.0615291595459,13.540666580200195,17.4108829498291,1.8958548307418823
2021-02-25 07:00:00,16.23836326599121,20.851661682128906,22.440793991088867,13.973408699035645
2021-02-25 08:00:00,1.5037585496902466,35.65275955200195,33.10398864746094,22.255281448364258
2021-02-25 09:00:00,34.69264221191406,61.614234924316406,51.12632751464844,88.5523452758789
2021-02-25 10:00:00,131.35699462890625,107.21344757080078,90.71006774902344,124.26325988769531
2021-02-25 11:00:00,225.81028747558594,141.94349670410156,152.86769104003906,139.12623596191406
2021-02-25 12:00:00,260.6151123046875,37.84482955932617,26.326269149780273,141.96087646484375
2021-02-25 13:00:00,162.97409057617188,102.04150390625,156.12539672851562,127.3646240234375
2021-02-25 14:00:00,39.435359954833984,95.32185363769531,44.09469223022461,98.44727325439453
2021-02-25 15:00:00,56.04041290283203,20.62137794494629,126.03116607666016,32.98972702026367
2021-02-25 16:00:00,36.09238052368164,58.121185302734375,34.249412536621094,24.89337730407715
2021-02-25 17:00:00,27.37554359436035,21.80436134338379,21.00397300720215,-0.4512140154838562
2021-02-25 18:00:00,21.8101749420166,7.200139045715332,18.285749435424805,-0.41253942251205444
2021-02-25 19:00:00,18.808189392089844,2.7442214488983154,17.74570655822754,-1.1736369132995605
2021-02-25 20:00:00,17.38277816772461,0.9484967589378357,17.425161361694336,-1.0338940620422363
2021-02-25 21:00:00,16.44554901123047,0.4609963297843933,17.2534122467041,-1.0857665538787842
2021-02-25 22:00:00,16.024084091186523,0.3088211417198181,17.397232055664062,-0.8594092726707458
2021-02-25 23:00:00,15.698628425598145,0.6164080500602722,17.24910545349121,-0.7769953608512878
2021-02-25 24:00:00,15.599122047424316,0.9159652590751648,17.455347061157227,-0.3854016661643982
2021-02-26 01:00:00,11.160422325134277,2.596991777420044,14.048246383666992,-3.203242063522339
2021-02-26 02:00:00,15.221305847167969,1.5169283151626587,8.786498069763184,-5.49939489364624
2021-02-26 03:00:00,24.130191802978516,-1.2075821161270142,5.135673522949219,-3.1283352375030518
2021-02-26 04:00:00,45.33578872680664,-2.092036724090576,4.262456893920898,-1.3457660675048828
2021-02-26 05:00:00,58.306480407714844,-4.391179084777832,6.275207996368408,-1.079451322555542
2021-02-26 06:00:00,55.38893508911133,3.0513103008270264,8.455276489257812,0.04439358413219452
2021-02-26 07:00:00,29.92347526550293,18.667232513427734,24.52222442626953,5.093223571777344
2021-02-26 08:00:00,36.89825439453125,14.999451637268066,86.85900115966797,16.1643123626709
2021-02-26 09:00:00,208.2833251953125,147.88108825683594,257.6837158203125,33.86369705200195
2021-02-26 10:00:00,344.8011779785156,243.3063201904297,358.162353515625,96.50362396240234
2021-02-26 11:00:00,418.2794494628906,323.4802551269531,451.1489562988281,137.29287719726562
2021-02-26 12:00:00,461.1299133300781,376.8302001953125,496.613525390625,157.92291259765625
2021-02-26 13:00:00,451.4104309082031,392.6715087890625,488.42474365234375,165.12950134277344
2021-02-26 14:00:00,391.64630126953125,372.0626220703125,424.0328674316406,153.9805450439453
2021-02-26 15:00:00,288.53533935546875,314.6492004394531,327.8153991699219,123.34162139892578
2021-02-26 16:00:00,112.46990966796875,216.261962890625,104.97887420654297,73.40314483642578
2021-02-26 17:00:00,5.299354076385498,56.240787506103516,29.905925750732422,36.43281173706055
2021-02-26 18:00:00,8.44511890411377,22.907554626464844,17.06090545654297,2.5102150440216064
2021-02-26 19:00:00,13.21578311920166,4.487780570983887,9.720501899719238,0.12729506194591522
2021-02-26 20:00:00,14.94968318939209,0.46974867582321167,12.956721305847168,0.056220099329948425
2021-02-26 21:00:00,15.379157066345215,-0.6941787600517273,10.239192962646484,-0.3501216769218445
2021-02-26 22:00:00,15.776373863220215,-1.2452523708343506,12.008291244506836,-0.11337323486804962
2021-02-26 23:00:00,15.798840522766113,-1.3497267961502075,10.445075035095215,-0.20096798241138458
2021-02-26 24:00:00,15.967475891113281,-1.38363516330719,11.668237686157227,0.05105118453502655
2021-02-27 01:00:00,-1.5191105604171753,4.3511962890625,16.323989868164062,-1.187537670135498
2021-02-27 02:00:00,14.537153244018555,3.286850929260254,9.965295791625977,-3.612023115158081
2021-02-27 03:00:00,3.569016695022583,0.7149040102958679,5.596928596496582,-1.7046918869018555
2021-02-27 04:00:00,9.338372230529785,-1.2649091482162476,3.74058198928833,0.8178252577781677
2021-02-27 05:00:00,23.435441970825195,-3.634251832962036,6.070769786834717,0.3578947186470032
2021-02-27 06:00:00,25.47752571105957,3.190786361694336,7.544033050537109,1.5200285911560059
2021-02-27 07:00:00,15.773199081420898,15.884596824645996,15.172133445739746,5.303213119506836
2021-02-27 08:00:00,33.29030990600586,27.518997192382812,59.33029556274414,16.678794860839844
2021-02-27 09:00:00,182.03944396972656,170.21920776367188,148.6387481689453,10.686147689819336
2021-02-27 10:00:00,340.2967529296875,266.626220703125,317.294921875,75.65538024902344
2021-02-27 11:00:00,417.2291259765625,353.26715087890625,412.13055419921875,115.5140380859375
2021-02-27 12:00:00,484.3929138183594,410.4789733886719,474.6148376464844,135.3669891357422
2021-02-27 13:00:00,502.0391845703125,425.8253479003906,492.5630187988281,141.61781311035156
2021-02-27 14:00:00,470.55340576171875,405.49822998046875,449.54443359375,133.07830810546875
2021-02-27 15:00:00,381.72265625,350.3570251464844,375.177978515625,110.41510009765625
2021-02-27 16:00:00,262.003662109375,251.1977996826172,218.46641540527344,62.9637336730957
2021-02-27 17:00:00,73.32655334472656,112.59540557861328,69.80155944824219,36.85087585449219
2021-02-27 18:00:00,-2.0162768363952637,23.76805305480957,21.865697860717773,0.8762820363044739
2021-02-27 19:00:00,11.244195938110352,5.070961952209473,3.819695472717285,0.44725316762924194
2021-02-27 20:00:00,16.30145835876465,-0.6873357892036438,16.13822364807129,0.2863808274269104
2021-02-27 21:00:00,18.238683700561523,-1.5361981391906738,5.786376953125,0.017443940043449402
2021-02-27 22:00:00,19.0865421295166,-2.1478793621063232,14.659895896911621,0.29601842164993286
2021-02-27 23:00:00,19.52766227722168,-2.089622974395752,7.0294365882873535,0.2310038059949875
2021-02-27 24:00:00,19.744184494018555,-2.260948657989502,13.564313888549805,0.44028621912002563
2021-02-28 01:00:00,0.0,0.0,0.0,0.0
2021-02-28 02:00:00,0.0,0.0,0.0,0.0
2021-02-28 03:00:00,0.0,0.0,0.0,0.0
2021-02-28 04:00:00,0.0,0.0,0.0,0.0
2021-02-28 05:00:00,0.0,0.0,0.0,0.0
2021-02-28 06:00:00,0.0,0.0,0.0,0.0
2021-02-28 07:00:00,0.0,0.0,0.0,0.0
2021-02-28 08:00:00,0.0,0.0,0.0,0.0
2021-02-28 09:00:00,0.0,0.0,0.0,0.0
2021-02-28 10:00:00,0.0,0.0,0.0,0.0
2021-02-28 11:00:00,0.0,0.0,0.0,0.0
2021-02-28 12:00:00,0.0,0.0,0.0,0.0
2021-02-28 13:00:00,0.0,0.0,0.0,0.0
2021-02-28 14:00:00,0.0,0.0,0.0,0.0
2021-02-28 15:00:00,0.0,0.0,0.0,0.0
2021-02-28 16:00:00,0.0,0.0,0.0,0.0
2021-02-28 17:00:00,0.0,0.0,0.0,0.0
2021-02-28 18:00:00,0.0,0.0,0.0,0.0
2021-02-28 19:00:00,0.0,0.0,0.0,0.0
2021-02-28 20:00:00,0.0,0.0,0.0,0.0
2021-02-28 21:00:00,0.0,0.0,0.0,0.0
2021-02-28 22:00:00,0.0,0.0,0.0,0.0
2021-02-28 23:00:00,0.0,0.0,0.0,0.0
2021-02-28 24:00:00,0.0,0.0,0.0,0.0
2021-06-09 01:00:00,0.0,0.0,0.0,0.0
2021-06-09 02:00:00,0.0,0.0,0.0,0.0
2021-06-09 03:00:00,0.0,0.0,0.0,0.0
2021-06-09 04:00:00,0.0,0.0,0.0,0.0
2021-06-09 05:00:00,0.0,0.0,0.0,0.0
2021-06-09 06:00:00,0.0,0.0,0.0,0.0
2021-06-09 07:00:00,0.0,0.0,0.0,0.0
2021-06-09 08:00:00,0.0,0.0,0.0,0.0
2021-06-09 09:00:00,0.0,0.0,0.0,0.0
2021-06-09 10:00:00,0.0,0.0,0.0,0.0
2021-06-09 11:00:00,0.0,0.0,0.0,0.0
2021-06-09 12:00:00,0.0,0.0,0.0,0.0
2021-06-09 13:00:00,0.0,0.0,0.0,0.0
2021-06-09 14:00:00,0.0,0.0,0.0,0.0
2021-06-09 15:00:00,0.0,0.0,0.0,0.0
2021-06-09 16:00:00,0.0,0.0,0.0,0.0
2021-06-09 17:00:00,0.0,0.0,0.0,0.0
2021-06-09 18:00:00,0.0,0.0,0.0,0.0
2021-06-09 19:00:00,0.0,0.0,0.0,0.0
2021-06-09 20:00:00,0.0,0.0,0.0,0.0
2021-06-09 21:00:00,0.0,0.0,0.0,0.0
2021-06-09 22:00:00,0.0,0.0,0.0,0.0
2021-06-09 23:00:00,0.0,0.0,0.0,0.0
2021-06-09 24:00:00,0.0,0.0,0.0,0.0
2021-06-10 01:00:00,0.0,0.0,0.0,0.0
2021-06-10 02:00:00,0.0,0.0,0.0,0.0
2021-06-10 03:00:00,0.0,0.0,0.0,0.0
2021-06-10 04:00:00,0.0,0.0,0.0,0.0
2021-06-10 05:00:00,0.0,0.0,0.0,0.0
2021-06-10 06:00:00,0.0,0.0,0.0,0.0
2021-06-10 07:00:00,0.0,0.0,0.0,0.0
2021-06-10 08:00:00,0.0,0.0,0.0,0.0
2021-06-10 09:00:00,0.0,0.0,0.0,0.0
2021-06-10 10:00:00,0.0,0.0,0.0,0.0
2021-06-10 11:00:00,0.0,0.0,0.0,0.0
2021-06-10 12:00:00,0.0,0.0,0.0,0.0
2021-06-10 13:00:00,0.0,0.0,0.0,0.0
2021-06-10 14:00:00,0.0,0.0,0.0,0.0
2021-06-10 15:00:00,0.0,0.0,0.0,0.0
2021-06-10 16:00:00,0.0,0.0,0.0,0.0
2021-06-10 17:00:00,0.0,0.0,0.0,0.0
2021-06-10 18:00:00,0.0,0.0,0.0,0.0
2021-06-10 19:00:00,0.0,0.0,0.0,0.0
2021-06-10 20:00:00,0.0,0.0,0.0,0.0
2021-06-10 21:00:00,0.0,0.0,0.0,0.0
2021-06-10 22:00:00,0.0,0.0,0.0,0.0
2021-06-10 23:00:00,0.0,0.0,0.0,0.0
2021-06-10 24:00:00,0.0,0.0,0.0,0.0
2021-06-11 01:00:00,0.0,0.0,0.0,0.0
2021-06-11 02:00:00,0.0,0.0,0.0,0.0
2021-06-11 03:00:00,0.0,0.0,0.0,0.0
2021-06-11 04:00:00,0.0,0.0,0.0,0.0
2021-06-11 05:00:00,0.0,0.0,0.0,0.0
2021-06-11 06:00:00,0.0,0.0,0.0,0.0
2021-06-11 07:00:00,0.0,0.0,0.0,0.0
2021-06-11 08:00:00,0.0,0.0,0.0,0.0
2021-06-11 09:00:00,0.0,0.0,0.0,0.0
2021-06-11 10:00:00,0.0,0.0,0.0,0.0
2021-06-11 11:00:00,0.0,0.0,0.0,0.0
2021-06-11 12:00:00,0.0,0.0,0.0,0.0
2021-06-11 13:00:00,0.0,0.0,0.0,0.0
2021-06-11 14:00:00,0.0,0.0,0.0,0.0
2021-06-11 15:00:00,0.0,0.0,0.0,0.0
2021-06-11 16:00:00,0.0,0.0,0.0,0.0
2021-06-11 17:00:00,0.0,0.0,0.0,0.0
2021-06-11 18:00:00,0.0,0.0,0.0,0.0
2021-06-11 19:00:00,0.0,0.0,0.0,0.0
2021-06-11 20:00:00,0.0,0.0,0.0,0.0
2021-06-11 21:00:00,0.0,0.0,0.0,0.0
2021-06-11 22:00:00,0.0,0.0,0.0,0.0
2021-06-11 23:00:00,0.0,0.0,0.0,0.0
2021-06-11 24:00:00,0.0,0.0,0.0,0.0
2021-06-12 01:00:00,0.0,0.0,0.0,0.0
2021-06-12 02:00:00,0.0,0.0,0.0,0.0
2021-06-12 03:00:00,0.0,0.0,0.0,0.0
2021-06-12 04:00:00,0.0,0.0,0.0,0.0
2021-06-12 05:00:00,0.0,0.0,0.0,0.0
2021-06-12 06:00:00,0.0,0.0,0.0,0.0
2021-06-12 07:00:00,0.0,0.0,0.0,0.0
2021-06-12 08:00:00,0.0,0.0,0.0,0.0
2021-06-12 09:00:00,0.0,0.0,0.0,0.0
2021-06-12 10:00:00,0.0,0.0,0.0,0.0
2021-06-12 11:00:00,0.0,0.0,0.0,0.0
2021-06-12 12:00:00,0.0,0.0,0.0,0.0
2021-06-12 13:00:00,0.0,0.0,0.0,0.0
2021-06-12 14:00:00,0.0,0.0,0.0,0.0
2021-06-12 15:00:00,0.0,0.0,0.0,0.0
2021-06-12 16:00:00,0.0,0.0,0.0,0.0
2021-06-12 17:00:00,0.0,0.0,0.0,0.0
2021-06-12 18:00:00,0.0,0.0,0.0,0.0
2021-06-12 19:00:00,0.0,0.0,0.0,0.0
2021-06-12 20:00:00,0.0,0.0,0.0,0.0
2021-06-12 21:00:00,0.0,0.0,0.0,0.0
2021-06-12 22:00:00,0.0,0.0,0.0,0.0
2021-06-12 23:00:00,0.0,0.0,0.0,0.0
2021-06-12 24:00:00,0.0,0.0,0.0,0.0
2021-06-13 01:00:00,0.0,0.0,0.0,0.0
2021-06-13 02:00:00,0.0,0.0,0.0,0.0
2021-06-13 03:00:00,0.0,0.0,0.0,0.0
2021-06-13 04:00:00,0.0,0.0,0.0,0.0
2021-06-13 05:00:00,0.0,0.0,0.0,0.0
2021-06-13 06:00:00,0.0,0.0,0.0,0.0
2021-06-13 07:00:00,0.0,0.0,0.0,0.0
2021-06-13 08:00:00,0.0,0.0,0.0,0.0
2021-06-13 09:00:00,0.0,0.0,0.0,0.0
2021-06-13 10:00:00,0.0,0.0,0.0,0.0
2021-06-13 11:00:00,0.0,0.0,0.0,0.0
2021-06-13 12:00:00,0.0,0.0,0.0,0.0
2021-06-13 13:00:00,0.0,0.0,0.0,0.0
2021-06-13 14:00:00,0.0,0.0,0.0,0.0
2021-06-13 15:00:00,0.0,0.0,0.0,0.0
2021-06-13 16:00:00,0.0,0.0,0.0,0.0
2021-06-13 17:00:00,0.0,0.0,0.0,0.0
2021-06-13 18:00:00,0.0,0.0,0.0,0.0
2021-06-13 19:00:00,0.0,0.0,0.0,0.0
2021-06-13 20:00:00,0.0,0.0,0.0,0.0
2021-06-13 21:00:00,0.0,0.0,0.0,0.0
2021-06-13 22:00:00,0.0,0.0,0.0,0.0
2021-06-13 23:00:00,0.0,0.0,0.0,0.0
2021-06-13 24:00:00,0.0,0.0,0.0,0.0
2021-06-14 01:00:00,0.0,0.0,0.0,0.0
2021-06-14 02:00:00,0.0,0.0,0.0,0.0
2021-06-14 03:00:00,0.0,0.0,0.0,0.0
2021-06-14 04:00:00,0.0,0.0,0.0,0.0
2021-06-14 05:00:00,0.0,0.0,0.0,0.0
2021-06-14 06:00:00,0.0,0.0,0.0,0.0
2021-06-14 07:00:00,0.0,0.0,0.0,0.0
2021-06-14 08:00:00,0.0,0.0,0.0,0.0
2021-06-14 09:00:00,0.0,0.0,0.0,0.0
2021-06-14 10:00:00,0.0,0.0,0.0,0.0
2021-06-14 11:00:00,0.0,0.0,0.0,0.0
2021-06-14 12:00:00,0.0,0.0,0.0,0.0
2021-06-14 13:00:00,0.0,0.0,0.0,0.0
2021-06-14 14:00:00,0.0,0.0,0.0,0.0
2021-06-14 15:00:00,0.0,0.0,0.0,0.0
2021-06-14 16:00:00,0.0,0.0,0.0,0.0
2021-06-14 17:00:00,0.0,0.0,0.0,0.0
2021-06-14 18:00:00,0.0,0.0,0.0,0.0
2021-06-14 19:00:00,0.0,0.0,0.0,0.0
2021-06-14 20:00:00,0.0,0.0,0.0,0.0
2021-06-14 21:00:00,0.0,0.0,0.0,0.0
2021-06-14 22:00:00,0.0,0.0,0.0,0.0
2021-06-14 23:00:00,0.0,0.0,0.0,0.0
2021-06-14 24:00:00,0.0,0.0,0.0,0.0
2021-06-15 01:00:00,0.0,0.0,0.0,0.0
2021-06-15 02:00:00,0.0,0.0,0.0,0.0
2021-06-15 03:00:00,0.0,0.0,0.0,0.0
2021-06-15 04:00:00,0.0,0.0,0.0,0.0
2021-06-15 05:00:00,0.0,0.0,0.0,0.0
2021-06-15 06:00:00,0.0,0.0,0.0,0.0
2021-06-15 07:00:00,0.0,0.0,0.0,0.0
2021-06-15 08:00:00,0.0,0.0,0.0,0.0
2021-06-15 09:00:00,0.0,0.0,0.0,0.0
2021-06-15 10:00:00,0.0,0.0,0.0,0.0
2021-06-15 11:00:00,0.0,0.0,0.0,0.0
2021-06-15 12:00:00,0.0,0.0,0.0,0.0
2021-06-15 13:00:00,0.0,0.0,0.0,0.0
2021-06-15 14:00:00,0.0,0.0,0.0,0.0
2021-06-15 15:00:00,0.0,0.0,0.0,0.0
2021-06-15 16:00:00,0.0,0.0,0.0,0.0
2021-06-15 17:00:00,0.0,0.0,0.0,0.0
2021-06-15 18:00:00,0.0,0.0,0.0,0.0
2021-06-15 19:00:00,0.0,0.0,0.0,0.0
2021-06-15 20:00:00,0.0,0.0,0.0,0.0
2021-06-15 21:00:00,0.0,0.0,0.0,0.0
2021-06-15 22:00:00,0.0,0.0,0.0,0.0
2021-06-15 23:00:00,0.0,0.0,0.0,0.0
2021-06-15 24:00:00,0.0,0.0,0.0,0.0
2021-06-16 01:00:00,0.0,0.0,0.0,0.0
2021-06-16 02:00:00,0.0,0.0,0.0,0.0
2021-06-16 03:00:00,0.0,0.0,0.0,0.0
2021-06-16 04:00:00,0.0,0.0,0.0,0.0
2021-06-16 05:00:00,0.0,0.0,0.0,0.0
2021-06-16 06:00:00,0.0,0.0,0.0,0.0
2021-06-16 07:00:00,0.0,0.0,0.0,0.0
2021-06-16 08:00:00,0.0,0.0,0.0,0.0
2021-06-16 09:00:00,0.0,0.0,0.0,0.0
2021-06-16 10:00:00,0.0,0.0,0.0,0.0
2021-06-16 11:00:00,0.0,0.0,0.0,0.0
2021-06-16 12:00:00,0.0,0.0,0.0,0.0
2021-06-16 13:00:00,0.0,0.0,0.0,0.0
2021-06-16 14:00:00,0.0,0.0,0.0,0.0
2021-06-16 15:00:00,0.0,0.0,0.0,0.0
2021-06-16 16:00:00,0.0,0.0,0.0,0.0
2021-06-16 17:00:00,0.0,0.0,0.0,0.0
2021-06-16 18:00:00,0.0,0.0,0.0,0.0
2021-06-16 19:00:00,0.0,0.0,0.0,0.0
2021-06-16 20:00:00,0.0,0.0,0.0,0.0
2021-06-16 21:00:00,0.0,0.0,0.0,0.0
2021-06-16 22:00:00,0.0,0.0,0.0,0.0
2021-06-16 23:00:00,0.0,0.0,0.0,0.0
2021-06-16 24:00:00,0.0,0.0,0.0,0.0
2021-06-17 01:00:00,0.0,0.0,0.0,0.0
2021-06-17 02:00:00,0.0,0.0,0.0,0.0
2021-06-17 03:00:00,0.0,0.0,0.0,0.0
2021-06-17 04:00:00,0.0,0.0,0.0,0.0
2021-06-17 05:00:00,0.0,0.0,0.0,0.0
2021-06-17 06:00:00,0.0,0.0,0.0,0.0
2021-06-17 07:00:00,0.0,0.0,0.0,0.0
2021-06-17 08:00:00,0.0,0.0,0.0,0.0
2021-06-17 09:00:00,0.0,0.0,0.0,0.0
2021-06-17 10:00:00,0.0,0.0,0.0,0.0
2021-06-17 11:00:00,0.0,0.0,0.0,0.0
2021-06-17 12:00:00,0.0,0.0,0.0,0.0
2021-06-17 13:00:00,0.0,0.0,0.0,0.0
2021-06-17 14:00:00,0.0,0.0,0.0,0.0
2021-06-17 15:00:00,0.0,0.0,0.0,0.0
2021-06-17 16:00:00,0.0,0.0,0.0,0.0
2021-06-17 17:00:00,0.0,0.0,0.0,0.0
2021-06-17 18:00:00,0.0,0.0,0.0,0.0
2021-06-17 19:00:00,0.0,0.0,0.0,0.0
2021-06-17 20:00:00,0.0,0.0,0.0,0.0
2021-06-17 21:00:00,0.0,0.0,0.0,0.0
2021-06-17 22:00:00,0.0,0.0,0.0,0.0
2021-06-17 23:00:00,0.0,0.0,0.0,0.0
2021-06-17 24:00:00,0.0,0.0,0.0,0.0
2021-06-18 01:00:00,0.0,0.0,0.0,0.0
2021-06-18 02:00:00,0.0,0.0,0.0,0.0
2021-06-18 03:00:00,0.0,0.0,0.0,0.0
2021-06-18 04:00:00,0.0,0.0,0.0,0.0
2021-06-18 05:00:00,0.0,0.0,0.0,0.0
2021-06-18 06:00:00,0.0,0.0,0.0,0.0
2021-06-18 07:00:00,0.0,0.0,0.0,0.0
2021-06-18 08:00:00,0.0,0.0,0.0,0.0
2021-06-18 09:00:00,0.0,0.0,0.0,0.0
2021-06-18 10:00:00,0.0,0.0,0.0,0.0
2021-06-18 11:00:00,0.0,0.0,0.0,0.0
2021-06-18 12:00:00,0.0,0.0,0.0,0.0
2021-06-18 13:00:00,0.0,0.0,0.0,0.0
2021-06-18 14:00:00,0.0,0.0,0.0,0.0
2021-06-18 15:00:00,0.0,0.0,0.0,0.0
2021-06-18 16:00:00,0.0,0.0,0.0,0.0
2021-06-18 17:00:00,0.0,0.0,0.0,0.0
2021-06-18 18:00:00,0.0,0.0,0.0,0.0
2021-06-18 19:00:00,0.0,0.0,0.0,0.0
2021-06-18 20:00:00,0.0,0.0,0.0,0.0
2021-06-18 21:00:00,0.0,0.0,0.0,0.0
2021-06-18 22:00:00,0.0,0.0,0.0,0.0
2021-06-18 23:00:00,0.0,0.0,0.0,0.0
2021-06-18 24:00:00,0.0,0.0,0.0,0.0
2021-06-19 01:00:00,0.0,0.0,0.0,0.0
2021-06-19 02:00:00,0.0,0.0,0.0,0.0
2021-06-19 03:00:00,0.0,0.0,0.0,0.0
2021-06-19 04:00:00,0.0,0.0,0.0,0.0
2021-06-19 05:00:00,0.0,0.0,0.0,0.0
2021-06-19 06:00:00,0.0,0.0,0.0,0.0
2021-06-19 07:00:00,0.0,0.0,0.0,0.0
2021-06-19 08:00:00,0.0,0.0,0.0,0.0
2021-06-19 09:00:00,0.0,0.0,0.0,0.0
2021-06-19 10:00:00,0.0,0.0,0.0,0.0
2021-06-19 11:00:00,0.0,0.0,0.0,0.0
2021-06-19 12:00:00,0.0,0.0,0.0,0.0
2021-06-19 13:00:00,0.0,0.0,0.0,0.0
2021-06-19 14:00:00,0.0,0.0,0.0,0.0
2021-06-19 15:00:00,0.0,0.0,0.0,0.0
2021-06-19 16:00:00,0.0,0.0,0.0,0.0
2021-06-19 17:00:00,0.0,0.0,0.0,0.0
2021-06-19 18:00:00,0.0,0.0,0.0,0.0
2021-06-19 19:00:00,0.0,0.0,0.0,0.0
2021-06-19 20:00:00,0.0,0.0,0.0,0.0
2021-06-19 21:00:00,0.0,0.0,0.0,0.0
2021-06-19 22:00:00,0.0,0.0,0.0,0.0
2021-06-19 23:00:00,0.0,0.0,0.0,0.0
2021-06-19 24:00:00,0.0,0.0,0.0,0.0
2021-06-20 01:00:00,0.0,0.0,0.0,0.0
2021-06-20 02:00:00,0.0,0.0,0.0,0.0
2021-06-20 03:00:00,0.0,0.0,0.0,0.0
2021-06-20 04:00:00,0.0,0.0,0.0,0.0
2021-06-20 05:00:00,0.0,0.0,0.0,0.0
2021-06-20 06:00:00,0.0,0.0,0.0,0.0
2021-06-20 07:00:00,0.0,0.0,0.0,0.0
2021-06-20 08:00:00,0.0,0.0,0.0,0.0
2021-06-20 09:00:00,0.0,0.0,0.0,0.0
2021-06-20 10:00:00,0.0,0.0,0.0,0.0
2021-06-20 11:00:00,0.0,0.0,0.0,0.0
2021-06-20 12:00:00,0.0,0.0,0.0,0.0
2021-06-20 13:00:00,0.0,0.0,0.0,0.0
2021-06-20 14:00:00,0.0,0.0,0.0,0.0
2021-06-20 15:00:00,0.0,0.0,0.0,0.0
2021-06-20 16:00:00,0.0,0.0,0.0,0.0
2021-06-20 17:00:00,0.0,0.0,0.0,0.0
2021-06-20 18:00:00,0.0,0.0,0.0,0.0
2021-06-20 19:00:00,0.0,0.0,0.0,0.0
2021-06-20 20:00:00,0.0,0.0,0.0,0.0
2021-06-20 21:00:00,0.0,0.0,0.0,0.0
2021-06-20 22:00:00,0.0,0.0,0.0,0.0
2021-06-20 23:00:00,0.0,0.0,0.0,0.0
2021-06-20 24:00:00,0.0,0.0,0.0,0.0
2021-06-21 01:00:00,0.0,0.0,0.0,0.0
2021-06-21 02:00:00,0.0,0.0,0.0,0.0
2021-06-21 03:00:00,0.0,0.0,0.0,0.0
2021-06-21 04:00:00,0.0,0.0,0.0,0.0
2021-06-21 05:00:00,0.0,0.0,0.0,0.0
2021-06-21 06:00:00,0.0,0.0,0.0,0.0
2021-06-21 07:00:00,0.0,0.0,0.0,0.0
2021-06-21 08:00:00,0.0,0.0,0.0,0.0
2021-06-21 09:00:00,0.0,0.0,0.0,0.0
2021-06-21 10:00:00,0.0,0.0,0.0,0.0
2021-06-21 11:00:00,0.0,0.0,0.0,0.0
2021-06-21 12:00:00,0.0,0.0,0.0,0.0
2021-06-21 13:00:00,0.0,0.0,0.0,0.0
2021-06-21 14:00:00,0.0,0.0,0.0,0.0
2021-06-21 15:00:00,0.0,0.0,0.0,0.0
2021-06-21 16:00:00,0.0,0.0,0.0,0.0
2021-06-21 17:00:00,0.0,0.0,0.0,0.0
2021-06-21 18:00:00,0.0,0.0,0.0,0.0
2021-06-21 19:00:00,0.0,0.0,0.0,0.0
2021-06-21 20:00:00,0.0,0.0,0.0,0.0
2021-06-21 21:00:00,0.0,0.0,0.0,0.0
2021-06-21 22:00:00,0.0,0.0,0.0,0.0
2021-06-21 23:00:00,0.0,0.0,0.0,0.0
2021-06-21 24:00:00,0.0,0.0,0.0,0.0
2021-06-22 01:00:00,0.0,0.0,0.0,0.0
2021-06-22 02:00:00,0.0,0.0,0.0,0.0
2021-06-22 03:00:00,0.0,0.0,0.0,0.0
2021-06-22 04:00:00,0.0,0.0,0.0,0.0
2021-06-22 05:00:00,0.0,0.0,0.0,0.0
2021-06-22 06:00:00,0.0,0.0,0.0,0.0
2021-06-22 07:00:00,0.0,0.0,0.0,0.0
2021-06-22 08:00:00,0.0,0.0,0.0,0.0
2021-06-22 09:00:00,0.0,0.0,0.0,0.0
2021-06-22 10:00:00,0.0,0.0,0.0,0.0
2021-06-22 11:00:00,0.0,0.0,0.0,0.0
2021-06-22 12:00:00,0.0,0.0,0.0,0.0
2021-06-22 13:00:00,0.0,0.0,0.0,0.0
2021-06-22 14:00:00,0.0,0.0,0.0,0.0
2021-06-22 15:00:00,0.0,0.0,0.0,0.0
2021-06-22 16:00:00,0.0,0.0,0.0,0.0
2021-06-22 17:00:00,0.0,0.0,0.0,0.0
2021-06-22 18:00:00,0.0,0.0,0.0,0.0
2021-06-22 19:00:00,0.0,0.0,0.0,0.0
2021-06-22 20:00:00,0.0,0.0,0.0,0.0
2021-06-22 21:00:00,0.0,0.0,0.0,0.0
2021-06-22 22:00:00,0.0,0.0,0.0,0.0
2021-06-22 23:00:00,0.0,0.0,0.0,0.0
2021-06-22 24:00:00,0.0,0.0,0.0,0.0
2021-06-23 01:00:00,0.0,0.0,0.0,0.0
2021-06-23 02:00:00,0.0,0.0,0.0,0.0
2021-06-23 03:00:00,0.0,0.0,0.0,0.0
2021-06-23 04:00:00,0.0,0.0,0.0,0.0
2021-06-23 05:00:00,0.0,0.0,0.0,0.0
2021-06-23 06:00:00,0.0,0.0,0.0,0.0
2021-06-23 07:00:00,0.0,0.0,0.0,0.0
2021-06-23 08:00:00,0.0,0.0,0.0,0.0
2021-06-23 09:00:00,0.0,0.0,0.0,0.0
2021-06-23 10:00:00,0.0,0.0,0.0,0.0
2021-06-23 11:00:00,0.0,0.0,0.0,0.0
2021-06-23 12:00:00,0.0,0.0,0.0,0.0
2021-06-23 13:00:00,0.0,0.0,0.0,0.0
2021-06-23 14:00:00,0.0,0.0,0.0,0.0
2021-06-23 15:00:00,0.0,0.0,0.0,0.0
2021-06-23 16:00:00,0.0,0.0,0.0,0.0
2021-06-23 17:00:00,0.0,0.0,0.0,0.0
2021-06-23 18:00:00,0.0,0.0,0.0,0.0
2021-06-23 19:00:00,0.0,0.0,0.0,0.0
2021-06-23 20:00:00,0.0,0.0,0.0,0.0
2021-06-23 21:00:00,0.0,0.0,0.0,0.0
2021-06-23 22:00:00,0.0,0.0,0.0,0.0
2021-06-23 23:00:00,0.0,0.0,0.0,0.0
2021-06-23 24:00:00,0.0,0.0,0.0,0.0
2021-06-24 01:00:00,0.0,0.0,0.0,0.0
2021-06-24 02:00:00,0.0,0.0,0.0,0.0
2021-06-24 03:00:00,0.0,0.0,0.0,0.0
2021-06-24 04:00:00,0.0,0.0,0.0,0.0
2021-06-24 05:00:00,0.0,0.0,0.0,0.0
2021-06-24 06:00:00,0.0,0.0,0.0,0.0
2021-06-24 07:00:00,0.0,0.0,0.0,0.0
2021-06-24 08:00:00,0.0,0.0,0.0,0.0
2021-06-24 09:00:00,0.0,0.0,0.0,0.0
2021-06-24 10:00:00,0.0,0.0,0.0,0.0
2021-06-24 11:00:00,0.0,0.0,0.0,0.0
2021-06-24 12:00:00,0.0,0.0,0.0,0.0
2021-06-24 13:00:00,0.0,0.0,0.0,0.0
2021-06-24 14:00:00,0.0,0.0,0.0,0.0
2021-06-24 15:00:00,0.0,0.0,0.0,0.0
2021-06-24 16:00:00,0.0,0.0,0.0,0.0
2021-06-24 17:00:00,0.0,0.0,0.0,0.0
2021-06-24 18:00:00,0.0,0.0,0.0,0.0
2021-06-24 19:00:00,0.0,0.0,0.0,0.0
2021-06-24 20:00:00,0.0,0.0,0.0,0.0
2021-06-24 21:00:00,0.0,0.0,0.0,0.0
2021-06-24 22:00:00,0.0,0.0,0.0,0.0
2021-06-24 23:00:00,0.0,0.0,0.0,0.0
2021-06-24 24:00:00,0.0,0.0,0.0,0.0
2021-06-25 01:00:00,0.0,0.0,0.0,0.0
2021-06-25 02:00:00,0.0,0.0,0.0,0.0
2021-06-25 03:00:00,0.0,0.0,0.0,0.0
2021-06-25 04:00:00,0.0,0.0,0.0,0.0
2021-06-25 05:00:00,0.0,0.0,0.0,0.0
2021-06-25 06:00:00,0.0,0.0,0.0,0.0
2021-06-25 07:00:00,0.0,0.0,0.0,0.0
2021-06-25 08:00:00,0.0,0.0,0.0,0.0
2021-06-25 09:00:00,0.0,0.0,0.0,0.0
2021-06-25 10:00:00,0.0,0.0,0.0,0.0
2021-06-25 11:00:00,0.0,0.0,0.0,0.0
2021-06-25 12:00:00,0.0,0.0,0.0,0.0
2021-06-25 13:00:00,0.0,0.0,0.0,0.0
2021-06-25 14:00:00,0.0,0.0,0.0,0.0
2021-06-25 15:00:00,0.0,0.0,0.0,0.0
2021-06-25 16:00:00,0.0,0.0,0.0,0.0
2021-06-25 17:00:00,0.0,0.0,0.0,0.0
2021-06-25 18:00:00,0.0,0.0,0.0,0.0
2021-06-25 19:00:00,0.0,0.0,0.0,0.0
2021-06-25 20:00:00,0.0,0.0,0.0,0.0
2021-06-25 21:00:00,0.0,0.0,0.0,0.0
2021-06-25 22:00:00,0.0,0.0,0.0,0.0
2021-06-25 23:00:00,0.0,0.0,0.0,0.0
2021-06-25 24:00:00,0.0,0.0,0.0,0.0
2021-06-26 01:00:00,0.0,0.0,0.0,0.0
2021-06-26 02:00:00,0.0,0.0,0.0,0.0
2021-06-26 03:00:00,0.0,0.0,0.0,0.0
2021-06-26 04:00:00,0.0,0.0,0.0,0.0
2021-06-26 05:00:00,0.0,0.0,0.0,0.0
2021-06-26 06:00:00,0.0,0.0,0.0,0.0
2021-06-26 07:00:00,0.0,0.0,0.0,0.0
2021-06-26 08:00:00,0.0,0.0,0.0,0.0
2021-06-26 09:00:00,0.0,0.0,0.0,0.0
2021-06-26 10:00:00,0.0,0.0,0.0,0.0
2021-06-26 11:00:00,0.0,0.0,0.0,0.0
2021-06-26 12:00:00,0.0,0.0,0.0,0.0
2021-06-26 13:00:00,0.0,0.0,0.0,0.0
2021-06-26 14:00:00,0.0,0.0,0.0,0.0
2021-06-26 15:00:00,0.0,0.0,0.0,0.0
2021-06-26 16:00:00,0.0,0.0,0.0,0.0
2021-06-26 17:00:00,0.0,0.0,0.0,0.0
2021-06-26 18:00:00,0.0,0.0,0.0,0.0
2021-06-26 19:00:00,0.0,0.0,0.0,0.0
2021-06-26 20:00:00,0.0,0.0,0.0,0.0
2021-06-26 21:00:00,0.0,0.0,0.0,0.0
2021-06-26 22:00:00,0.0,0.0,0.0,0.0
2021-06-26 23:00:00,0.0,0.0,0.0,0.0
2021-06-26 24:00:00,0.0,0.0,0.0,0.0
2021-06-27 01:00:00,0.0,0.0,0.0,0.0
2021-06-27 02:00:00,0.0,0.0,0.0,0.0
2021-06-27 03:00:00,0.0,0.0,0.0,0.0
2021-06-27 04:00:00,0.0,0.0,0.0,0.0
2021-06-27 05:00:00,0.0,0.0,0.0,0.0
2021-06-27 06:00:00,0.0,0.0,0.0,0.0
2021-06-27 07:00:00,0.0,0.0,0.0,0.0
2021-06-27 08:00:00,0.0,0.0,0.0,0.0
2021-06-27 09:00:00,0.0,0.0,0.0,0.0
2021-06-27 10:00:00,0.0,0.0,0.0,0.0
2021-06-27 11:00:00,0.0,0.0,0.0,0.0
2021-06-27 12:00:00,0.0,0.0,0.0,0.0
2021-06-27 13:00:00,0.0,0.0,0.0,0.0
2021-06-27 14:00:00,0.0,0.0,0.0,0.0
2021-06-27 15:00:00,0.0,0.0,0.0,0.0
2021-06-27 16:00:00,0.0,0.0,0.0,0.0
2021-06-27 17:00:00,0.0,0.0,0.0,0.0
2021-06-27 18:00:00,0.0,0.0,0.0,0.0
2021-06-27 19:00:00,0.0,0.0,0.0,0.0
2021-06-27 20:00:00,0.0,0.0,0.0,0.0
2021-06-27 21:00:00,0.0,0.0,0.0,0.0
2021-06-27 22:00:00,0.0,0.0,0.0,0.0
2021-06-27 23:00:00,0.0,0.0,0.0,0.0
2021-06-27 24:00:00,0.0,0.0,0.0,0.0
2021-06-28 01:00:00,0.0,0.0,0.0,0.0
2021-06-28 02:00:00,0.0,0.0,0.0,0.0
2021-06-28 03:00:00,0.0,0.0,0.0,0.0
2021-06-28 04:00:00,0.0,0.0,0.0,0.0
2021-06-28 05:00:00,0.0,0.0,0.0,0.0
2021-06-28 06:00:00,0.0,0.0,0.0,0.0
2021-06-28 07:00:00,0.0,0.0,0.0,0.0
2021-06-28 08:00:00,0.0,0.0,0.0,0.0
2021-06-28 09:00:00,0.0,0.0,0.0,0.0
2021-06-28 10:00:00,0.0,0.0,0.0,0.0
2021-06-28 11:00:00,0.0,0.0,0.0,0.0
2021-06-28 12:00:00,0.0,0.0,0.0,0.0
2021-06-28 13:00:00,0.0,0.0,0.0,0.0
2021-06-28 14:00:00,0.0,0.0,0.0,0.0
2021-06-28 15:00:00,0.0,0.0,0.0,0.0
2021-06-28 16:00:00,0.0,0.0,0.0,0.0
2021-06-28 17:00:00,0.0,0.0,0.0,0.0
2021-06-28 18:00:00,0.0,0.0,0.0,0.0
2021-06-28 19:00:00,0.0,0.0,0.0,0.0
2021-06-28 20:00:00,0.0,0.0,0.0,0.0
2021-06-28 21:00:00,0.0,0.0,0.0,0.0
2021-06-28 22:00:00,0.0,0.0,0.0,0.0
2021-06-28 23:00:00,0.0,0.0,0.0,0.0
2021-06-28 24:00:00,0.0,0.0,0.0,0.0
2021-06-29 01:00:00,0.0,0.0,0.0,0.0
2021-06-29 02:00:00,0.0,0.0,0.0,0.0
2021-06-29 03:00:00,0.0,0.0,0.0,0.0
2021-06-29 04:00:00,0.0,0.0,0.0,0.0
2021-06-29 05:00:00,0.0,0.0,0.0,0.0
2021-06-29 06:00:00,0.0,0.0,0.0,0.0
2021-06-29 07:00:00,0.0,0.0,0.0,0.0
2021-06-29 08:00:00,0.0,0.0,0.0,0.0
2021-06-29 09:00:00,0.0,0.0,0.0,0.0
2021-06-29 10:00:00,0.0,0.0,0.0,0.0
2021-06-29 11:00:00,0.0,0.0,0.0,0.0
2021-06-29 12:00:00,0.0,0.0,0.0,0.0
2021-06-29 13:00:00,0.0,0.0,0.0,0.0
2021-06-29 14:00:00,0.0,0.0,0.0,0.0
2021-06-29 15:00:00,0.0,0.0,0.0,0.0
2021-06-29 16:00:00,0.0,0.0,0.0,0.0
2021-06-29 17:00:00,0.0,0.0,0.0,0.0
2021-06-29 18:00:00,0.0,0.0,0.0,0.0
2021-06-29 19:00:00,0.0,0.0,0.0,0.0
2021-06-29 20:00:00,0.0,0.0,0.0,0.0
2021-06-29 21:00:00,0.0,0.0,0.0,0.0
2021-06-29 22:00:00,0.0,0.0,0.0,0.0
2021-06-29 23:00:00,0.0,0.0,0.0,0.0
2021-06-29 24:00:00,0.0,0.0,0.0,0.0
2021-06-30 01:00:00,0.0,0.0,0.0,0.0
2021-06-30 02:00:00,0.0,0.0,0.0,0.0
2021-06-30 03:00:00,0.0,0.0,0.0,0.0
2021-06-30 04:00:00,0.0,0.0,0.0,0.0
2021-06-30 05:00:00,0.0,0.0,0.0,0.0
2021-06-30 06:00:00,0.0,0.0,0.0,0.0
2021-06-30 07:00:00,0.0,0.0,0.0,0.0
2021-06-30 08:00:00,0.0,0.0,0.0,0.0
2021-06-30 09:00:00,0.0,0.0,0.0,0.0
2021-06-30 10:00:00,0.0,0.0,0.0,0.0
2021-06-30 11:00:00,0.0,0.0,0.0,0.0
2021-06-30 12:00:00,0.0,0.0,0.0,0.0
2021-06-30 13:00:00,0.0,0.0,0.0,0.0
2021-06-30 14:00:00,0.0,0.0,0.0,0.0
2021-06-30 15:00:00,0.0,0.0,0.0,0.0
2021-06-30 16:00:00,0.0,0.0,0.0,0.0
2021-06-30 17:00:00,0.0,0.0,0.0,0.0
2021-06-30 18:00:00,0.0,0.0,0.0,0.0
2021-06-30 19:00:00,0.0,0.0,0.0,0.0
2021-06-30 20:00:00,0.0,0.0,0.0,0.0
2021-06-30 21:00:00,0.0,0.0,0.0,0.0
2021-06-30 22:00:00,0.0,0.0,0.0,0.0
2021-06-30 23:00:00,0.0,0.0,0.0,0.0
2021-06-30 24:00:00,0.0,0.0,0.0,0.0
2021-07-01 01:00:00,0.0,0.0,0.0,0.0
2021-07-01 02:00:00,0.0,0.0,0.0,0.0
2021-07-01 03:00:00,0.0,0.0,0.0,0.0
2021-07-01 04:00:00,0.0,0.0,0.0,0.0
2021-07-01 05:00:00,0.0,0.0,0.0,0.0
2021-07-01 06:00:00,0.0,0.0,0.0,0.0
2021-07-01 07:00:00,0.0,0.0,0.0,0.0
2021-07-01 08:00:00,0.0,0.0,0.0,0.0
2021-07-01 09:00:00,0.0,0.0,0.0,0.0
2021-07-01 10:00:00,0.0,0.0,0.0,0.0
2021-07-01 11:00:00,0.0,0.0,0.0,0.0
2021-07-01 12:00:00,0.0,0.0,0.0,0.0
2021-07-01 13:00:00,0.0,0.0,0.0,0.0
2021-07-01 14:00:00,0.0,0.0,0.0,0.0
2021-07-01 15:00:00,0.0,0.0,0.0,0.0
2021-07-01 16:00:00,0.0,0.0,0.0,0.0
2021-07-01 17:00:00,0.0,0.0,0.0,0.0
2021-07-01 18:00:00,0.0,0.0,0.0,0.0
2021-07-01 19:00:00,0.0,0.0,0.0,0.0
2021-07-01 20:00:00,0.0,0.0,0.0,0.0
2021-07-01 21:00:00,0.0,0.0,0.0,0.0
2021-07-01 22:00:00,0.0,0.0,0.0,0.0
2021-07-01 23:00:00,0.0,0.0,0.0,0.0
2021-07-01 24:00:00,0.0,0.0,0.0,0.0
2021-07-02 01:00:00,0.0,0.0,0.0,0.0
2021-07-02 02:00:00,0.0,0.0,0.0,0.0
2021-07-02 03:00:00,0.0,0.0,0.0,0.0
2021-07-02 04:00:00,0.0,0.0,0.0,0.0
2021-07-02 05:00:00,0.0,0.0,0.0,0.0
2021-07-02 06:00:00,0.0,0.0,0.0,0.0
2021-07-02 07:00:00,0.0,0.0,0.0,0.0
2021-07-02 08:00:00,0.0,0.0,0.0,0.0
2021-07-02 09:00:00,0.0,0.0,0.0,0.0
2021-07-02 10:00:00,0.0,0.0,0.0,0.0
2021-07-02 11:00:00,0.0,0.0,0.0,0.0
2021-07-02 12:00:00,0.0,0.0,0.0,0.0
2021-07-02 13:00:00,0.0,0.0,0.0,0.0
2021-07-02 14:00:00,0.0,0.0,0.0,0.0
2021-07-02 15:00:00,0.0,0.0,0.0,0.0
2021-07-02 16:00:00,0.0,0.0,0.0,0.0
2021-07-02 17:00:00,0.0,0.0,0.0,0.0
2021-07-02 18:00:00,0.0,0.0,0.0,0.0
2021-07-02 19:00:00,0.0,0.0,0.0,0.0
2021-07-02 20:00:00,0.0,0.0,0.0,0.0
2021-07-02 21:00:00,0.0,0.0,0.0,0.0
2021-07-02 22:00:00,0.0,0.0,0.0,0.0
2021-07-02 23:00:00,0.0,0.0,0.0,0.0
2021-07-02 24:00:00,0.0,0.0,0.0,0.0
2021-07-03 01:00:00,0.0,0.0,0.0,0.0
2021-07-03 02:00:00,0.0,0.0,0.0,0.0
2021-07-03 03:00:00,0.0,0.0,0.0,0.0
2021-07-03 04:00:00,0.0,0.0,0.0,0.0
2021-07-03 05:00:00,0.0,0.0,0.0,0.0
2021-07-03 06:00:00,0.0,0.0,0.0,0.0
2021-07-03 07:00:00,0.0,0.0,0.0,0.0
2021-07-03 08:00:00,0.0,0.0,0.0,0.0
2021-07-03 09:00:00,0.0,0.0,0.0,0.0
2021-07-03 10:00:00,0.0,0.0,0.0,0.0
2021-07-03 11:00:00,0.0,0.0,0.0,0.0
2021-07-03 12:00:00,0.0,0.0,0.0,0.0
2021-07-03 13:00:00,0.0,0.0,0.0,0.0
2021-07-03 14:00:00,0.0,0.0,0.0,0.0
2021-07-03 15:00:00,0.0,0.0,0.0,0.0
2021-07-03 16:00:00,0.0,0.0,0.0,0.0
2021-07-03 17:00:00,0.0,0.0,0.0,0.0
2021-07-03 18:00:00,0.0,0.0,0.0,0.0
2021-07-03 19:00:00,0.0,0.0,0.0,0.0
2021-07-03 20:00:00,0.0,0.0,0.0,0.0
2021-07-03 21:00:00,0.0,0.0,0.0,0.0
2021-07-03 22:00:00,0.0,0.0,0.0,0.0
2021-07-03 23:00:00,0.0,0.0,0.0,0.0
2021-07-03 24:00:00,0.0,0.0,0.0,0.0
2021-07-04 01:00:00,0.0,0.0,0.0,0.0
2021-07-04 02:00:00,0.0,0.0,0.0,0.0
2021-07-04 03:00:00,0.0,0.0,0.0,0.0
2021-07-04 04:00:00,0.0,0.0,0.0,0.0
2021-07-04 05:00:00,0.0,0.0,0.0,0.0
2021-07-04 06:00:00,0.0,0.0,0.0,0.0
2021-07-04 07:00:00,0.0,0.0,0.0,0.0
2021-07-04 08:00:00,0.0,0.0,0.0,0.0
2021-07-04 09:00:00,0.0,0.0,0.0,0.0
2021-07-04 10:00:00,0.0,0.0,0.0,0.0
2021-07-04 11:00:00,0.0,0.0,0.0,0.0
2021-07-04 12:00:00,0.0,0.0,0.0,0.0
2021-07-04 13:00:00,0.0,0.0,0.0,0.0
2021-07-04 14:00:00,0.0,0.0,0.0,0.0
2021-07-04 15:00:00,0.0,0.0,0.0,0.0
2021-07-04 16:00:00,0.0,0.0,0.0,0.0
2021-07-04 17:00:00,0.0,0.0,0.0,0.0
2021-07-04 18:00:00,0.0,0.0,0.0,0.0
2021-07-04 19:00:00,0.0,0.0,0.0,0.0
2021-07-04 20:00:00,0.0,0.0,0.0,0.0
2021-07-04 21:00:00,0.0,0.0,0.0,0.0
2021-07-04 22:00:00,0.0,0.0,0.0,0.0
2021-07-04 23:00:00,0.0,0.0,0.0,0.0
2021-07-04 24:00:00,0.0,0.0,0.0,0.0
2021-07-05 01:00:00,0.0,0.0,0.0,0.0
2021-07-05 02:00:00,0.0,0.0,0.0,0.0
2021-07-05 03:00:00,0.0,0.0,0.0,0.0
2021-07-05 04:00:00,0.0,0.0,0.0,0.0
2021-07-05 05:00:00,0.0,0.0,0.0,0.0
2021-07-05 06:00:00,0.0,0.0,0.0,0.0
2021-07-05 07:00:00,0.0,0.0,0.0,0.0
2021-07-05 08:00:00,0.0,0.0,0.0,0.0
2021-07-05 09:00:00,0.0,0.0,0.0,0.0
2021-07-05 10:00:00,0.0,0.0,0.0,0.0
2021-07-05 11:00:00,0.0,0.0,0.0,0.0
2021-07-05 12:00:00,0.0,0.0,0.0,0.0
2021-07-05 13:00:00,0.0,0.0,0.0,0.0
2021-07-05 14:00:00,0.0,0.0,0.0,0.0
2021-07-05 15:00:00,0.0,0.0,0.0,0.0
2021-07-05 16:00:00,0.0,0.0,0.0,0.0
2021-07-05 17:00:00,0.0,0.0,0.0,0.0
2021-07-05 18:00:00,0.0,0.0,0.0,0.0
2021-07-05 19:00:00,0.0,0.0,0.0,0.0
2021-07-05 20:00:00,0.0,0.0,0.0,0.0
2021-07-05 21:00:00,0.0,0.0,0.0,0.0
2021-07-05 22:00:00,0.0,0.0,0.0,0.0
2021-07-05 23:00:00,0.0,0.0,0.0,0.0
2021-07-05 24:00:00,0.0,0.0,0.0,0.0
2021-07-06 01:00:00,0.0,0.0,0.0,0.0
2021-07-06 02:00:00,0.0,0.0,0.0,0.0
2021-07-06 03:00:00,0.0,0.0,0.0,0.0
2021-07-06 04:00:00,0.0,0.0,0.0,0.0
2021-07-06 05:00:00,0.0,0.0,0.0,0.0
2021-07-06 06:00:00,0.0,0.0,0.0,0.0
2021-07-06 07:00:00,0.0,0.0,0.0,0.0
2021-07-06 08:00:00,0.0,0.0,0.0,0.0
2021-07-06 09:00:00,0.0,0.0,0.0,0.0
2021-07-06 10:00:00,0.0,0.0,0.0,0.0
2021-07-06 11:00:00,0.0,0.0,0.0,0.0
2021-07-06 12:00:00,0.0,0.0,0.0,0.0
2021-07-06 13:00:00,0.0,0.0,0.0,0.0
2021-07-06 14:00:00,0.0,0.0,0.0,0.0
2021-07-06 15:00:00,0.0,0.0,0.0,0.0
2021-07-06 16:00:00,0.0,0.0,0.0,0.0
2021-07-06 17:00:00,0.0,0.0,0.0,0.0
2021-07-06 18:00:00,0.0,0.0,0.0,0.0
2021-07-06 19:00:00,0.0,0.0,0.0,0.0
2021-07-06 20:00:00,0.0,0.0,0.0,0.0
2021-07-06 21:00:00,0.0,0.0,0.0,0.0
2021-07-06 22:00:00,0.0,0.0,0.0,0.0
2021-07-06 23:00:00,0.0,0.0,0.0,0.0
2021-07-06 24:00:00,0.0,0.0,0.0,0.0
2021-07-07 01:00:00,0.0,0.0,0.0,0.0
2021-07-07 02:00:00,0.0,0.0,0.0,0.0
2021-07-07 03:00:00,0.0,0.0,0.0,0.0
2021-07-07 04:00:00,0.0,0.0,0.0,0.0
2021-07-07 05:00:00,0.0,0.0,0.0,0.0
2021-07-07 06:00:00,0.0,0.0,0.0,0.0
2021-07-07 07:00:00,0.0,0.0,0.0,0.0
2021-07-07 08:00:00,0.0,0.0,0.0,0.0
2021-07-07 09:00:00,0.0,0.0,0.0,0.0
2021-07-07 10:00:00,0.0,0.0,0.0,0.0
2021-07-07 11:00:00,0.0,0.0,0.0,0.0
2021-07-07 12:00:00,0.0,0.0,0.0,0.0
2021-07-07 13:00:00,0.0,0.0,0.0,0.0
2021-07-07 14:00:00,0.0,0.0,0.0,0.0
2021-07-07 15:00:00,0.0,0.0,0.0,0.0
2021-07-07 16:00:00,0.0,0.0,0.0,0.0
2021-07-07 17:00:00,0.0,0.0,0.0,0.0
2021-07-07 18:00:00,0.0,0.0,0.0,0.0
2021-07-07 19:00:00,0.0,0.0,0.0,0.0
2021-07-07 20:00:00,0.0,0.0,0.0,0.0
2021-07-07 21:00:00,0.0,0.0,0.0,0.0
2021-07-07 22:00:00,0.0,0.0,0.0,0.0
2021-07-07 23:00:00,0.0,0.0,0.0,0.0
2021-07-07 24:00:00,0.0,0.0,0.0,0.0
2021-07-08 01:00:00,0.0,0.0,0.0,0.0
2021-07-08 02:00:00,0.0,0.0,0.0,0.0
2021-07-08 03:00:00,0.0,0.0,0.0,0.0
2021-07-08 04:00:00,0.0,0.0,0.0,0.0
2021-07-08 05:00:00,0.0,0.0,0.0,0.0
2021-07-08 06:00:00,0.0,0.0,0.0,0.0
2021-07-08 07:00:00,0.0,0.0,0.0,0.0
2021-07-08 08:00:00,0.0,0.0,0.0,0.0
2021-07-08 09:00:00,0.0,0.0,0.0,0.0
2021-07-08 10:00:00,0.0,0.0,0.0,0.0
2021-07-08 11:00:00,0.0,0.0,0.0,0.0
2021-07-08 12:00:00,0.0,0.0,0.0,0.0
2021-07-08 13:00:00,0.0,0.0,0.0,0.0
2021-07-08 14:00:00,0.0,0.0,0.0,0.0
2021-07-08 15:00:00,0.0,0.0,0.0,0.0
2021-07-08 16:00:00,0.0,0.0,0.0,0.0
2021-07-08 17:00:00,0.0,0.0,0.0,0.0
2021-07-08 18:00:00,0.0,0.0,0.0,0.0
2021-07-08 19:00:00,0.0,0.0,0.0,0.0
2021-07-08 20:00:00,0.0,0.0,0.0,0.0
2021-07-08 21:00:00,0.0,0.0,0.0,0.0
2021-07-08 22:00:00,0.0,0.0,0.0,0.0
2021-07-08 23:00:00,0.0,0.0,0.0,0.0
2021-07-08 24:00:00,0.0,0.0,0.0,0.0
